period	total	v1abs	v2abs	v1rel	v2rel	v1ipm	v2ipm
1890	20	17	3	0.8500000000	0.1500000000	9.616249425146265	1.6969851926728705
1891	39	39	0	1.0000000000	0.0000000000	21.859393654049875	0.0
1892	26	25	1	0.9615384615	0.0384615385	12.774217745227936	0.5109687098091173
1893	63	63	0	1.0000000000	0.0000000000	22.196611951430995	0.0
1894	68	68	0	1.0000000000	0.0000000000	21.559479592208785	0.0
1895	79	79	0	1.0000000000	0.0000000000	24.645471768924054	0.0
