period	total	v1abs	v2abs	v1rel	v2rel	v1ipm	v2ipm
1900	90	90	0	1.0000000000	0.0000000000	23.900675167517175	0.0
1901	73	73	0	1.0000000000	0.0000000000	18.013465188608382	0.0
1902	100	100	0	1.0000000000	0.0000000000	21.962783185381046	0.0
1903	124	124	0	1.0000000000	0.0000000000	24.98362967813429	0.0
1904	112	112	0	1.0000000000	0.0000000000	22.292421233610842	0.0
1905	106	105	1	0.9905660377	0.0094339623	20.722856659605764	0.197360539615293
1906	126	126	0	1.0000000000	0.0000000000	23.518506731612586	0.0
1907	123	123	0	1.0000000000	0.0000000000	22.40811443368592	0.0
