period	total	v1abs	v2abs	v1rel	v2rel	v1ipm	v2ipm
2012	8817	7668	1149	0.8696835658	0.1303164342	305.1085266015602	45.71853117699434
