period	total	v1abs	v2abs	v1rel	v2rel	v1ipm	v2ipm
1976	12	2	10	0.1666666667	0.8333333333	1.4835452577734063	7.417726288867031
