period	total	v1abs	v2abs	v1rel	v2rel	v1ipm	v2ipm
2008	3117	2788	329	0.8944497915	0.1055502085	362.3805333544765	42.762982594556235
