period	total	v1abs	v2abs	v1rel	v2rel	v1ipm	v2ipm
2004	119	110	9	0.9243697479	0.0756302521	245.98100579397075	20.125718655870337
