verb2	abs	ipm
_total_	9	0.011093721880111424
göra	4	0.004930543057827299
vara	3	0.003697907293370475
missa	1	0.0012326357644568248
gilla	1	0.0012326357644568248
