period	total	v1abs	v2abs	v1rel	v2rel	v1ipm	v2ipm
2016	13005	9354	3651	0.7192618224	0.2807381776	430.62513520335625	168.0791499494819
