period	total	v1abs	v2abs	v1rel	v2rel	v1ipm	v2ipm
1890	138	138	0	1.0000000000	0.0000000000	10.587333069212619	0.0
1891	137	137	0	1.0000000000	0.0000000000	10.290468374799289	0.0
1892	143	142	1	0.9930069930	0.0069930070	10.205875508155573	0.07187236273348996
1893	148	147	1	0.9932432432	0.0067567568	10.552975181627831	0.07178894681379476
1894	124	124	0	1.0000000000	0.0000000000	8.640764534846042	0.0
1895	136	136	0	1.0000000000	0.0000000000	9.486132703881928	0.0
