period	total	v1abs	v2abs	v1rel	v2rel	v1ipm	v2ipm
1750	0	0	0	NaN	NaN	0.0	0.0
1751	0	0	0	NaN	NaN	0.0	0.0
1752	0	0	0	NaN	NaN	0.0	0.0
1753	0	0	0	NaN	NaN	0.0	0.0
1754	0	0	0	NaN	NaN	0.0	0.0
1755	0	0	0	NaN	NaN	0.0	0.0
1756	1	0	1	0.0000000000	1.0000000000	0.0	2.7591991700328897
1757	0	0	0	NaN	NaN	0.0	0.0
1758	0	0	0	NaN	NaN	0.0	0.0
1759	0	0	0	NaN	NaN	0.0	0.0
