period	total	v1abs	v2abs	v1rel	v2rel	v1ipm	v2ipm
1976	48	18	30	0.3750000000	0.6250000000	13.351907319960656	22.253178866601093
