period	total	v1abs	v2abs	v1rel	v2rel	v1ipm	v2ipm
2001	28	28	0	1.0000000000	0.0000000000	45.5913936474906	0.0
