period	total	v1abs	v2abs	v1rel	v2rel	v1ipm	v2ipm
2005	1137	1061	76	0.9331574318	0.0668425682	321.4522248069015	23.02579555638502
