period	total	v1abs	v2abs	v1rel	v2rel	v1ipm	v2ipm
1880	3	3	0	1.0000000000	0.0000000000	3.092480633340034	0.0
1881	4	4	0	1.0000000000	0.0000000000	4.4825511094874315	0.0
1882	16	16	0	1.0000000000	0.0000000000	18.811136192626034	0.0
1883	17	17	0	1.0000000000	0.0000000000	20.69415499678632	0.0
1884	2	2	0	1.0000000000	0.0000000000	2.507899884636605	0.0
1885	2	2	0	1.0000000000	0.0000000000	3.888009766680534	0.0
1886	6	6	0	1.0000000000	0.0000000000	10.04649854409492	0.0
1887	6	6	0	1.0000000000	0.0000000000	16.456616245423003	0.0
1888	0	0	0	NaN	NaN	0.0	0.0
