period	total	v1abs	v2abs	v1rel	v2rel	v1ipm	v2ipm
1890	58	57	1	0.9827586207	0.0172413793	22.479850954644338	0.39438335008147957
1891	46	46	0	1.0000000000	0.0000000000	18.49215008229007	0.0
1892	43	43	0	1.0000000000	0.0000000000	15.80274063623304	0.0
1893	42	42	0	1.0000000000	0.0000000000	15.84227730473073	0.0
1894	51	51	0	1.0000000000	0.0000000000	19.254881395593806	0.0
1895	64	63	1	0.9843750000	0.0156250000	22.851281322124358	0.3627187511448311
