period	total	v1abs	v2abs	v1rel	v2rel	v1ipm	v2ipm
2009	4793	4444	349	0.9271854788	0.0728145212	256.0638265016611	20.10942291833477
