period	total	v1abs	v2abs	v1rel	v2rel	v1ipm	v2ipm
1976	13	9	4	0.6923076923	0.3076923077	6.675953659980328	2.9670905155468126
