period	total	v1abs	v2abs	v1rel	v2rel	v1ipm	v2ipm
1976	243	239	4	0.9835390947	0.0164609053	177.28365830392204	2.9670905155468126
