period	total	v1abs	v2abs	v1rel	v2rel	v1ipm	v2ipm
1900	248	246	2	0.9919354839	0.0080645161	22.29882583991564	0.18129126699118409
