period	total	v1abs	v2abs	v1rel	v2rel	v1ipm	v2ipm
2006	7756	6947	809	0.8956936565	0.1043063435	307.8826466757006	35.8539025709863
