period	total	v1abs	v2abs	v1rel	v2rel	v1ipm	v2ipm
2006	5485	5161	324	0.9409298086	0.0590701914	229.68961460699555	14.419576658141166
