period	total	v1abs	v2abs	v1rel	v2rel	v1ipm	v2ipm
1856	3	3	0	1.0000000000	0.0000000000	26.968473854064598	0.0
1857	1	1	0	1.0000000000	0.0000000000	3.419762121346839	0.0
1858	1	1	0	1.0000000000	0.0000000000	2.957643586202001	0.0
1859	3	3	0	1.0000000000	0.0000000000	4.398820529588666	0.0
