period	total	v1abs	v2abs	v1rel	v2rel	v1ipm	v2ipm
1998	2002	1940	62	0.9690309690	0.0309690310	180.6188691415362	5.772355611739817
