verb	freq	jaggedness
fortsätta	136437.0	1.077340438
komma	2676420.0	1.14902974
vägra	212118.0	1.169379162
sluta	245858.0	1.274049434
slippa	227375.0	1.551319286
försöka	924745.0	1.051605845
lyckas	169289.0	1.474862873
hinna	230378.0	1.218077665
börja	1652378.0	1.182845674
orka	240888.0	1.706798981
våga	171107.0	1.665835994
behöva	770875.0	1.453389087
bruka	1049629.0	1.524381186
råka	129308.0	1.847680966
