verb	freq	asym	mid	growth	rp	max-min	max	failed	residuals
komma	2519646.0	0.68409	2001.70862	3.48271	0.01	0.21799	0.68617	50	0.0017322623037816947
