verb	v2rel_2009	best_model	r2	slope
anse	0.9280205656	lin	0.3200550692121411	-0.0009890249018796949	0.037055335999999994
förmå	0.7486187845	lin			0.30762250459999996
