verb	freq	asym	mid	growth	rp	max-min	max	failed	residuals
komma	2519646.0	0.68159	2002.40892	3.00435	0.0	0.25136	0.69457	49	0.0015833901396677264
