verb	freq	asym	mid	growth	rp	max-min	max	failed	residuals
komma	2519646.0	0.67944	2002.84948	2.66894	0.0	0.29472	0.70403	60	0.0025232972652638637
