period	total	v1abs	v2abs	v1rel	v2rel	v1ipm	v2ipm
1810	0	0	0	NaN	NaN	0.0	0.0
1811	1	0	1	0.0000000000	1.0000000000	0.0	10.973575629883241
1812	0	0	0	NaN	NaN	0.0	0.0
1813	0	0	0	NaN	NaN	0.0	0.0
1814	0	0	0	NaN	NaN	0.0	0.0
1815	0	0	0	NaN	NaN	0.0	0.0
1816	0	0	0	NaN	NaN	0.0	0.0
1817	1	1	0	1.0000000000	0.0000000000	8.368901163277263	0.0
1818	0	0	0	NaN	NaN	0.0	0.0
1819	2	2	0	1.0000000000	0.0000000000	17.838348882427443	0.0
