period	total	v1abs	v2abs	v1rel	v2rel	v1ipm	v2ipm
1890	81	80	1	0.9876543210	0.0123456790	18.002180964223815	0.2250272620527977
1891	73	73	0	1.0000000000	0.0000000000	16.521944990523647	0.0
1892	69	69	0	1.0000000000	0.0000000000	15.228181051154992	0.0
1893	82	82	0	1.0000000000	0.0000000000	18.522940096585838	0.0
1894	46	45	1	0.9782608696	0.0217391304	9.752528505557207	0.21672285567904906
1895	99	97	2	0.9797979798	0.0202020202	16.45170897639163	0.33921049435859024
