period	total	v1abs	v2abs	v1rel	v2rel	v1ipm	v2ipm
1976	1	0	1	0.0000000000	1.0000000000	0.0	0.7417726288867031
