period	total	v1abs	v2abs	v1rel	v2rel	v1ipm	v2ipm
1879	40	40	0	1.0000000000	0.0000000000	17.255577973427272	0.0
