period	total	v1abs	v2abs	v1rel	v2rel	v1ipm	v2ipm
2012	5082	4194	888	0.8252656434	0.1747343566	244.37655688814132	51.7421036043561
