period	total	v1abs	v2abs	v1rel	v2rel	v1ipm	v2ipm
1858	0	0	0	NaN	NaN	0.0	0.0
1859	25	25	0	1.0000000000	0.0000000000	12.233648994100445	0.0
