period	total	v1abs	v2abs	v1rel	v2rel	v1ipm	v2ipm
1827	1	1	0	1.0000000000	0.0000000000	11.92918833802548	0.0
1828	1	1	0	1.0000000000	0.0000000000	5.606041069856878	0.0
1829	1	1	0	1.0000000000	0.0000000000	4.832925756594527	0.0
