period	total	v1abs	v2abs	v1rel	v2rel	v1ipm	v2ipm
1800	0	0	0	NaN	NaN	0.0	0.0
1801	0	0	0	NaN	NaN	0.0	0.0
1802	0	0	0	NaN	NaN	0.0	0.0
1803	0	0	0	NaN	NaN	0.0	0.0
1804	1	1	0	1.0000000000	0.0000000000	8.64349058723875	0.0
1805	1	1	0	1.0000000000	0.0000000000	7.357431373558863	0.0
1806	0	0	0	NaN	NaN	0.0	0.0
1807	0	0	0	NaN	NaN	0.0	0.0
1808	1	0	1	0.0000000000	1.0000000000	0.0	7.569449701006737
1809	0	0	0	NaN	NaN	0.0	0.0
