period	total	v1abs	v2abs	v1rel	v2rel	v1ipm	v2ipm
1861	0	0	0	NaN	NaN	0.0	0.0
1862	4	4	0	1.0000000000	0.0000000000	10.793279025151039	0.0
1863	1	1	0	1.0000000000	0.0000000000	2.543086238597437	0.0
1864	2	2	0	1.0000000000	0.0000000000	4.996315217527074	0.0
1865	8	8	0	1.0000000000	0.0000000000	19.02718747249977	0.0
1866	6	6	0	1.0000000000	0.0000000000	13.222528544133494	0.0
1867	9	8	1	0.8888888889	0.1111111111	17.27619232721108	2.159524040901385
1868	3	3	0	1.0000000000	0.0000000000	6.4919748371055315	0.0
1869	7	7	0	1.0000000000	0.0000000000	14.788367892340682	0.0
