period	total	v1abs	v2abs	v1rel	v2rel	v1ipm	v2ipm
2019	10955	6661	4294	0.6080328617	0.3919671383	364.9570248172968	235.26879816325967
