period	total	v1abs	v2abs	v1rel	v2rel	v1ipm	v2ipm
1890	53	53	0	1.0000000000	0.0000000000	19.796410723977154	0.0
1891	43	43	0	1.0000000000	0.0000000000	16.27853096479446	0.0
1892	57	57	0	1.0000000000	0.0000000000	21.783678139658598	0.0
1893	41	41	0	1.0000000000	0.0000000000	15.574205772484406	0.0
1894	46	46	0	1.0000000000	0.0000000000	17.489722886747202	0.0
1895	53	52	1	0.9811320755	0.0188679245	19.837931727757958	0.38149868707226847
1896	73	73	0	1.0000000000	0.0000000000	28.211895294449096	0.0
1897	42	41	1	0.9761904762	0.0238095238	17.255754267958295	0.420872055316056
