period	total	v1abs	v2abs	v1rel	v2rel	v1ipm	v2ipm
1820	0	0	0	NaN	NaN	0.0	0.0
1821	0	0	0	NaN	NaN	0.0	0.0
1822	4	3	1	0.7500000000	0.2500000000	22.647320821946764	7.549106940648921
1823	0	0	0	NaN	NaN	0.0	0.0
1824	0	0	0	NaN	NaN	0.0	0.0
1825	1	1	0	1.0000000000	0.0000000000	7.8621296936914264	0.0
1826	0	0	0	NaN	NaN	0.0	0.0
1827	1	1	0	1.0000000000	0.0000000000	7.397051535258046	0.0
1828	1	1	0	1.0000000000	0.0000000000	6.801240546275641	0.0
1829	1	1	0	1.0000000000	0.0000000000	7.248425279608005	0.0
