period	total	v1abs	v2abs	v1rel	v2rel	v1ipm	v2ipm
1976	533	526	7	0.9868667917	0.0131332083	390.17240279440585	5.192408402206922
