period	total	v1abs	v2abs	v1rel	v2rel	v1ipm	v2ipm
2004	5020	4771	249	0.9503984064	0.0496015936	213.46541254058963	11.140827441334483
