period	v1ipm	v1abs
2003	0	0
2004		
2005		
2006	0.0021315483531427217	1
2007	0.003149804111871145	2
2008	0.04014500833056294	25
2009	0.07753809234511369	46
2010	0.10677211584363981	44
2011	0.016634199020484103	6
2012	0.02410142618330187	7
2013	0.0	0
2014		
2015		
2016		
2017		
2018		
2019		
2020		
2021		
