period	v1ipm	v1abs
2003	0	0
2004		
2005		
2006		
2007		
2008	0.13167562732424645	82
2009	0.07416687093880439	44
2010	0.14802497878322793	61
2011	0.4657575725735548	168
2012	0.3511922100995415	102
2013	0.1973455882440713	41
2014	0.2670925710366982	37
2015	0.011263307936225889	1
2016	0.0	0
2017	0.032499008495874546	2
2018	0.0	0
2019		
2020		
2021		
