period	v1ipm	v1abs
2003	0	0
2004		
2005		
2006		
2007	0.003149804111871145	2
2008	0.02248120466511525	14
2009	0.02696977125047433	16
2010	0.01698647297512452	7
2011	0.008317099510242051	3
2012	0.0	0
2013		
2014		
2015		
2016		
2017		
2018		
2019		
2020		
2021		
