period	v1ipm	v1abs
2003	0	0
2004		
2005		
2006		
2007		
2008	0.5540015428669982	345
2009	1.427712426811997	847
2010	2.249205719204601	927
2011	0.058219676073096825	21
2012	0.0034430531896663384	1
2013	0.0	0
2014		
2015	0.011263307936225889	1
2016	0.0	0
2017		
2018		
2019		
2020		
2021		
