period	v1ipm	v1abs
2003	0	0
2004		
2005		
2006		
2007	0.07402040968536021	47
2008	0.05299145192640853	33
2009	0.10113665361123947	60
2010	0.05823186328037803	24
2011	0.07485386923683877	27
2012	0.08607632974165846	25
2013	0.03369317970141874	7
2014	0.014438482089308423	2
2015	0.011263307936225889	1
2016	0.0	0
2017		
2018		
2019		
2020		
2021		
