period	v1ipm	v1abs
2003	0	0
2004		
2005	0.34856762331954577	81
2006	0.3197322529714082	150
2007	0.07087059251710076	45
2008	0.23444684865048757	146
2009	0.04551148898517543	27
2010	0.009706555985785438	4
2011	0.005544733006828033	2
2012	0.02410142618330187	7
2013	0.0	0
2014		
2015		
2016		
2017		
2018		
2019		
2020		
2021		
