period	v1ipm	v1abs
2003	0	0
2004		
2005	0.025819843505067854	6
2006	0.06820958321239722	32
2007	0.06299609334924272	40
2008	0.17182076836744584	107
2009	0.02359855250928921	14
2010	0.00970531054672967	4
2011	0.0	0
2012		
2013		
2014		
2015		
2016		
2017		
2018		
2019		
2020		
2021		
