period	v1ipm	v1abs
2003	0	0
2004		
2005		
2006		
2007		
2008		
2009		
2010		
2011	0.019406565523898116	7
2012	0.013772243533315354	4
2013	0.004813307030343204	1
2014	0.0938433357696507	13
2015	0.18021292697961422	16
2016	0.09384038441901159	6
2017	0.0	0
2018		
2019		
2020		
2021		
