period	total	v1abs	v2abs	v1rel	v2rel	v1ipm	v2ipm
2015	10886	7967	2919	0.7318574316	0.2681425684	414.945539374514	152.03037899262034
