period	total	v1abs	v2abs	v1rel	v2rel	v1ipm	v2ipm
1845	0	0	0	NaN	NaN	0.0	0.0
1846	6	6	0	1.0000000000	0.0000000000	7.5223602157412905	0.0
1847	6	5	1	0.8333333333	0.1666666667	6.18503394965135	1.23700678993027
1848	2	2	0	1.0000000000	0.0000000000	2.4623051854916054	0.0
1849	1	1	0	1.0000000000	0.0000000000	1.2283563609205794	0.0
