period	total	v1abs	v2abs	v1rel	v2rel	v1ipm	v2ipm
2008	10994	9576	1418	0.8710205567	0.1289794433	347.4373448124078	51.4480111679192
