period	total	v1abs	v2abs	v1rel	v2rel	v1ipm	v2ipm
1790	0	0	0	NaN	NaN	0.0	0.0
1791	1	0	1	0.0000000000	1.0000000000	0.0	6.828362285589424
1792	0	0	0	NaN	NaN	0.0	0.0
1793	0	0	0	NaN	NaN	0.0	0.0
1794	0	0	0	NaN	NaN	0.0	0.0
1795	1	0	1	0.0000000000	1.0000000000	0.0	6.72513046753107
1796	0	0	0	NaN	NaN	0.0	0.0
1797	1	0	1	0.0000000000	1.0000000000	0.0	6.801518098839661
1798	0	0	0	NaN	NaN	0.0	0.0
1799	0	0	0	NaN	NaN	0.0	0.0
