period	total	v1abs	v2abs	v1rel	v2rel	v1ipm	v2ipm
1918	202	201	1	0.9950495050	0.0049504950	54.52549392366268	0.271271114048073
