period	total	v1abs	v2abs	v1rel	v2rel	v1ipm	v2ipm
2010	4615	4184	431	0.9066088841	0.0933911159	243.0994247014929	25.042029647787633
