verb2	abs	ipm
_total_	5	0.006163178822284125
titta	1	0.0012326357644568248
visa	1	0.0012326357644568248
minska	1	0.0012326357644568248
komma	1	0.0012326357644568248
rätta	1	0.0012326357644568248
