period	total	v1abs	v2abs	v1rel	v2rel	v1ipm	v2ipm
1880	11	11	0	1.0000000000	0.0000000000	16.064890473958084	0.0
1881	12	12	0	1.0000000000	0.0000000000	17.304031839418585	0.0
1882	12	12	0	1.0000000000	0.0000000000	17.62360388013012	0.0
1883	17	17	0	1.0000000000	0.0000000000	25.63340907754408	0.0
1884	1	1	0	1.0000000000	0.0000000000	1.486595369552743	0.0
