period	total	v1abs	v2abs	v1rel	v2rel	v1ipm	v2ipm
1976	10	0	10	0.0000000000	1.0000000000	0.0	7.417726288867031
