period	total	v1abs	v2abs	v1rel	v2rel	v1ipm	v2ipm
2005	5179	4884	295	0.9430391968	0.0569608032	210.93672360417784	12.740854517451364
