period	total	v1abs	v2abs	v1rel	v2rel	v1ipm	v2ipm
1850	5	5	0	1.0000000000	0.0000000000	9.674042801834972	0.0
