period	v1ipm	v1abs
2007	0	0
2020	3.247466705347603	3
2021	1.142871510384702	1
2022	1.97893228687394	1
2023		
