period	total	v1abs	v2abs	v1rel	v2rel	v1ipm	v2ipm
1995	1672	1645	27	0.9838516746	0.0161483254	214.4244430830194	3.5194285490829933
