period	total	v1abs	v2abs	v1rel	v2rel	v1ipm	v2ipm
2012	4454	3507	947	0.7873821284	0.2126178716	367.51048065068323	99.23935705052666
