period	total	v1abs	v2abs	v1rel	v2rel	v1ipm	v2ipm
1820	4	2	2	0.5000000000	0.5000000000	2.0417955550110767	2.0417955550110767
