period	total	v1abs	v2abs	v1rel	v2rel	v1ipm	v2ipm
1831	22	22	0	1.0000000000	0.0000000000	12.756817939333212	0.0
1832	16	14	2	0.8750000000	0.1250000000	5.84086805312186	0.8344097218745514
1833	31	31	0	1.0000000000	0.0000000000	11.976913147675726	0.0
1834	37	35	2	0.9459459459	0.0540540541	10.767739851405189	0.6152994200802966
1835	45	45	0	1.0000000000	0.0000000000	14.55494378072104	0.0
1836	68	68	0	1.0000000000	0.0000000000	18.82694301665769	0.0
1837	56	55	1	0.9821428571	0.0178571429	13.313729069002395	0.242067801254589
1838	62	62	0	1.0000000000	0.0000000000	14.045137901733419	0.0
1839	61	61	0	1.0000000000	0.0000000000	13.085880056539583	0.0
