period	total	v1abs	v2abs	v1rel	v2rel	v1ipm	v2ipm
1880	30	30	0	1.0000000000	0.0000000000	15.158298107132788	0.0
