period	total	v1abs	v2abs	v1rel	v2rel	v1ipm	v2ipm
1994	5120	5037	83	0.9837890625	0.0162109375	236.1272874684478	3.8909201627717227
