period	total	v1abs	v2abs	v1rel	v2rel	v1ipm	v2ipm
1976	59	54	5	0.9152542373	0.0847457627	40.05572195988197	3.7088631444335154
