period	total	v1abs	v2abs	v1rel	v2rel	v1ipm	v2ipm
2011	9830	8650	1180	0.8799593082	0.1200406918	329.2904460888156	44.92054640286733
