period	total	v1abs	v2abs	v1rel	v2rel	v1ipm	v2ipm
1890	179	179	0	1.0000000000	0.0000000000	12.41269937031555	0.0
1891	193	191	2	0.9896373057	0.0103626943	13.272777963241493	0.1389819682014816
1892	214	213	1	0.9953271028	0.0046728972	14.455158604986256	0.06786459438960683
1893	245	244	1	0.9959183673	0.0040816327	17.089144401169065	0.07003747705397158
1894	256	252	4	0.9843750000	0.0156250000	17.837553401175494	0.28313576827262693
1895	210	208	2	0.9904761905	0.0095238095	14.922251839544183	0.1434831907648479
