period	total	v1abs	v2abs	v1rel	v2rel	v1ipm	v2ipm
2011	4005	3383	622	0.8446941323	0.1553058677	362.7079218069052	66.68765219151493
