period	total	v1abs	v2abs	v1rel	v2rel	v1ipm	v2ipm
1976	4	2	2	0.5000000000	0.5000000000	1.4835452577734063	1.4835452577734063
