period	total	v1abs	v2abs	v1rel	v2rel	v1ipm	v2ipm
2010	4286	3680	606	0.8586094260	0.1413905740	372.7211847023882	61.377455959143276
