period	total	v1abs	v2abs	v1rel	v2rel	v1ipm	v2ipm
2008	4329	3978	351	0.9189189189	0.0810810811	234.24404095348982	20.66859184883734
