period	total	v1abs	v2abs	v1rel	v2rel	v1ipm	v2ipm
1890	27	26	1	0.9629629630	0.0370370370	15.449191175422001	0.5941996605931539
1891	8	8	0	1.0000000000	0.0000000000	4.9548704208481125	0.0
1892	22	22	0	1.0000000000	0.0000000000	12.121672945142267	0.0
1893	20	20	0	1.0000000000	0.0000000000	11.418744783060976	0.0
1894	14	14	0	1.0000000000	0.0000000000	7.882598825267557	0.0
1895	20	20	0	1.0000000000	0.0000000000	11.584082775221878	0.0
