period	total	v1abs	v2abs	v1rel	v2rel	v1ipm	v2ipm
1856	4	4	0	1.0000000000	0.0000000000	13.061821601640565	0.0
1857	3	2	1	0.6666666667	0.3333333333	1.5669327057245537	0.7834663528622768
1858	8	7	1	0.8750000000	0.1250000000	5.556089116494521	0.7937270166420743
1859	15	14	1	0.9333333333	0.0666666667	11.519969455623844	0.8228549611159889
