period	username	age	agebin	total	v1abs	v2abs	v1rel	v2rel
2009	AAEV	22		10.0	0.0	10.0	0.0	1.0
2009	Gravid 89	19		23.0	0.0	23.0	0.0	1.0
2009	modestyclara	30		12.0	1.0	11.0	0.08333333333333333	0.9166666666666666
2009	LillaLoppanT	28		10.0	0.0	10.0	0.0	1.0
2009	nikki2006	42		11.0	0.0	11.0	0.0	1.0
2009	Mania x2	31		11.0	11.0	0.0	1.0	0.0
