period	total	v1abs	v2abs	v1rel	v2rel	v1ipm	v2ipm
1790	0	0	0	NaN	NaN	0.0	0.0
1791	0	0	0	NaN	NaN	0.0	0.0
1792	1	0	1	0.0000000000	1.0000000000	0.0	2.9022437246235064
1793	0	0	0	NaN	NaN	0.0	0.0
1794	0	0	0	NaN	NaN	0.0	0.0
1795	0	0	0	NaN	NaN	0.0	0.0
1796	0	0	0	NaN	NaN	0.0	0.0
1797	0	0	0	NaN	NaN	0.0	0.0
1798	0	0	0	NaN	NaN	0.0	0.0
1799	0	0	0	NaN	NaN	0.0	0.0
