period	total	v1abs	v2abs	v1rel	v2rel	v1ipm	v2ipm
1832	2	2	0	1.0000000000	0.0000000000	3.524030363045608	0.0
1833	8	7	1	0.8750000000	0.1250000000	6.34482108510943	0.90640301215849
1834	4	4	0	1.0000000000	0.0000000000	3.916412018293561	0.0
1835	2	2	0	1.0000000000	0.0000000000	1.6356064992459853	0.0
1836	5	5	0	1.0000000000	0.0000000000	3.94132781757643	0.0
1837	17	17	0	1.0000000000	0.0000000000	13.055441853749869	0.0
1838	12	12	0	1.0000000000	0.0000000000	8.755858216387903	0.0
1839	10	10	0	1.0000000000	0.0000000000	7.891831402070659	0.0
