period	total	v1abs	v2abs	v1rel	v2rel	v1ipm	v2ipm
2002	4703	4430	273	0.9419519456	0.0580480544	254.21531164645276	15.666090311395395
