period	total	v1abs	v2abs	v1rel	v2rel	v1ipm	v2ipm
1848	0	0	0	NaN	NaN	0.0	0.0
1849	1	1	0	1.0000000000	0.0000000000	2.3454082769458093	0.0
