period	total	v1abs	v2abs	v1rel	v2rel	v1ipm	v2ipm
1821	9	6	3	0.6666666667	0.3333333333	2.801210683257304	1.400605341628652
1822	6	4	2	0.6666666667	0.3333333333	3.351790526499256	1.675895263249628
1823	15	8	7	0.5333333333	0.4666666667	3.7761355783718056	3.30411863107533
1824	2	2	0	1.0000000000	0.0000000000	0.8108886122857734	0.0
1825	8	7	1	0.8750000000	0.1250000000	2.91434126519881	0.41633446645697286
1826	9	9	0	1.0000000000	0.0000000000	3.6263738920420434	0.0
1827	6	6	0	1.0000000000	0.0000000000	2.459397398449432	0.0
1828	7	7	0	1.0000000000	0.0000000000	2.6374030471801264	0.0
1829	4	3	1	0.7500000000	0.2500000000	2.2209028414230954	0.7403009471410318
