period	total	v1abs	v2abs	v1rel	v2rel	v1ipm	v2ipm
1996	1463	1411	52	0.9644565960	0.0355434040	216.54289498360197	7.980319304852801
