period	total	v1abs	v2abs	v1rel	v2rel	v1ipm	v2ipm
1800	0	0	0	NaN	NaN	0.0	0.0
1801	1	0	1	0.0000000000	1.0000000000	0.0	3.368545866120513
1802	0	0	0	NaN	NaN	0.0	0.0
1803	1	1	0	1.0000000000	0.0000000000	3.825701059719194	0.0
1804	0	0	0	NaN	NaN	0.0	0.0
1805	2	2	0	1.0000000000	0.0000000000	6.822445846836091	0.0
1806	0	0	0	NaN	NaN	0.0	0.0
1807	0	0	0	NaN	NaN	0.0	0.0
1808	1	1	0	1.0000000000	0.0000000000	3.4411799117681467	0.0
1809	4	4	0	1.0000000000	0.0000000000	13.918320337101719	0.0
