verb2	abs	ipm
_total_	4	0.004930543057827299
plocka	1	0.0012326357644568248
avgå	1	0.0012326357644568248
klaga	1	0.0012326357644568248
se	1	0.0012326357644568248
