period	total	v1abs	v2abs	v1rel	v2rel	v1ipm	v2ipm
1720	1	1	0	1.0000000000	0.0000000000	9.062157337175687	0.0
1721	0	0	0	NaN	NaN	0.0	0.0
1722	0	0	0	NaN	NaN	0.0	0.0
1723	0	0	0	NaN	NaN	0.0	0.0
1724	0	0	0	NaN	NaN	0.0	0.0
1725	0	0	0	NaN	NaN	0.0	0.0
1726	0	0	0	NaN	NaN	0.0	0.0
1727	0	0	0	NaN	NaN	0.0	0.0
1728	0	0	0	NaN	NaN	0.0	0.0
1729	0	0	0	NaN	NaN	0.0	0.0
