period	total	v1abs	v2abs	v1rel	v2rel	v1ipm	v2ipm
1820	5	5	0	1.0000000000	0.0000000000	4.939662028324022	0.0
