period	total	v1abs	v2abs	v1rel	v2rel	v1ipm	v2ipm
2007	2162	1931	231	0.8931544866	0.1068455134	348.9539153135291	41.744357554337235
