period	total	v1abs	v2abs	v1rel	v2rel	v1ipm	v2ipm
1976	12	1	11	0.0833333333	0.9166666667	0.7417726288867031	8.159498917753734
