period	total	v1abs	v2abs	v1rel	v2rel	v1ipm	v2ipm
1976	18	11	7	0.6111111111	0.3888888889	8.159498917753734	5.192408402206922
