period	total	v1abs	v2abs	v1rel	v2rel	v1ipm	v2ipm
1880	39	39	0	1.0000000000	0.0000000000	25.47491113175232	0.0
1881	24	24	0	1.0000000000	0.0000000000	15.946038605359465	0.0
1882	21	21	0	1.0000000000	0.0000000000	13.914758191319974	0.0
1883	22	21	1	0.9545454545	0.0454545455	13.48241026974451	0.6420195366545004
1884	34	34	0	1.0000000000	0.0000000000	24.44572904353928	0.0
