period	total	v1abs	v2abs	v1rel	v2rel	v1ipm	v2ipm
2013	6909	5303	1606	0.7675495730	0.2324504270	379.92973699949647	115.06075006999649
