period	total	v1abs	v2abs	v1rel	v2rel	v1ipm	v2ipm
2013	5255	4411	844	0.8393910561	0.1606089439	261.4384043473574	50.02358042828601
