period	total	v1abs	v2abs	v1rel	v2rel	v1ipm	v2ipm
1859	10	10	0	1.0000000000	0.0000000000	14.754289440797676	0.0
