period	total	v1abs	v2abs	v1rel	v2rel	v1ipm	v2ipm
1878	10	10	0	1.0000000000	0.0000000000	13.555701053413529	0.0
