period	total	v1abs	v2abs	v1rel	v2rel	v1ipm	v2ipm
1760	0	0	0	NaN	NaN	0.0	0.0
1761	0	0	0	NaN	NaN	0.0	0.0
1762	0	0	0	NaN	NaN	0.0	0.0
1763	0	0	0	NaN	NaN	0.0	0.0
1764	0	0	0	NaN	NaN	0.0	0.0
1765	1	0	1	0.0000000000	1.0000000000	0.0	9.013068949977466
1766	0	0	0	NaN	NaN	0.0	0.0
1767	0	0	0	NaN	NaN	0.0	0.0
1768	0	0	0	NaN	NaN	0.0	0.0
1769	0	0	0	NaN	NaN	0.0	0.0
