period	total	v1abs	v2abs	v1rel	v2rel	v1ipm	v2ipm
1860	12	12	0	1.0000000000	0.0000000000	8.963464916998316	0.0
1861	16	16	0	1.0000000000	0.0000000000	10.72068462292002	0.0
1862	10	10	0	1.0000000000	0.0000000000	6.779417417543641	0.0
