period	total	v1abs	v2abs	v1rel	v2rel	v1ipm	v2ipm
1880	6	6	0	1.0000000000	0.0000000000	21.04591165627817	0.0
