period	total	v1abs	v2abs	v1rel	v2rel	v1ipm	v2ipm
1847	1	1	0	1.0000000000	0.0000000000	11.511453896627144	0.0
1848	2	2	0	1.0000000000	0.0000000000	6.470628200938888	0.0
1849	3	3	0	1.0000000000	0.0000000000	9.547086229282822	0.0
