period	total	v1abs	v2abs	v1rel	v2rel	v1ipm	v2ipm
1870	8	8	0	1.0000000000	0.0000000000	4.657122282641915	0.0
1871	10	9	1	0.9000000000	0.1000000000	5.595104656432598	0.6216782951591776
1872	12	11	1	0.9166666667	0.0833333333	7.6043787395396585	0.691307158139969
