period	total	v1abs	v2abs	v1rel	v2rel	v1ipm	v2ipm
1900	19	19	0	1.0000000000	0.0000000000	13.48619581388482	0.0
1901	20	18	2	0.9000000000	0.1000000000	12.683380543694247	1.4092645048549162
1902	18	18	0	1.0000000000	0.0000000000	11.382333859028531	0.0
1903	25	25	0	1.0000000000	0.0000000000	16.133226897057753	0.0
1904	32	32	0	1.0000000000	0.0000000000	19.812413591563377	0.0
1905	30	30	0	1.0000000000	0.0000000000	18.52795405067395	0.0
1906	33	33	0	1.0000000000	0.0000000000	20.550005324319564	0.0
1907	49	49	0	1.0000000000	0.0000000000	31.120674543796316	0.0
