period	total	v1abs	v2abs	v1rel	v2rel	v1ipm	v2ipm
1840	3	3	0	1.0000000000	0.0000000000	9.138707299390143	0.0
1841	3	2	1	0.6666666667	0.3333333333	5.897304342185187	2.9486521710925935
1842	7	7	0	1.0000000000	0.0000000000	21.03573972178732	0.0
1843	0	0	0	NaN	NaN	0.0	0.0
