period	total	v1abs	v2abs	v1rel	v2rel	v1ipm	v2ipm
2010	9686	8601	1085	0.8879826554	0.1120173446	361.3322485103815	45.58138468012602
