period	total	v1abs	v2abs	v1rel	v2rel	v1ipm	v2ipm
2020	11416	7047	4369	0.6172915207	0.3827084793	440.46191810758506	273.07763874159775
