period	total	v1abs	v2abs	v1rel	v2rel	v1ipm	v2ipm
2023	4549	2416	2133	0.5311057375	0.4688942625	322.0688336815747	284.34305556407236
