year	v2rel	total
2003	NA	0.0
2004	NA	0.0
2005	0.3333333333333333	9.0
2006	0.0	5.0
2007	0.0	12.0
2008	0.15	20.0
2009	0.1875	16.0
2010	0.14285714285714285	14.0
2011	NA	0.0
2012	NA	0.0
2013	NA	0.0
2014	NA	0.0
2015	NA	0.0
2016	NA	0.0
2017	NA	0.0
2018	NA	0.0
2019	NA	0.0
2020	NA	0.0
2021	NA	0.0
2022	NA	0.0
