year	v2rel	total
2003	NA	0.0
2004	NA	0.0
2005	NA	0.0
2006	NA	0.0
2007	0.6	20.0
2008	0.4	10.0
2009	0.375	24.0
2010	0.375	8.0
2011	0.29411764705882354	17.0
2012	0.2222222222222222	9.0
2013	0.3333333333333333	6.0
2014	0.75	4.0
2015	NA	0.0
2016	0.4444444444444444	9.0
2017	NA	0.0
2018	NA	0.0
2019	NA	0.0
2020	NA	0.0
2021	NA	0.0
2022	NA	0.0
