year	v2rel	total
2003	NA	0.0
2004	NA	0.0
2005	NA	0.0
2006	NA	0.0
2007	0.7307692307692307	26.0
2008	0.7352941176470589	34.0
2009	0.8064516129032258	31.0
2010	0.8235294117647058	17.0
2011	0.9629629629629629	27.0
2012	0.72	25.0
2013	NA	0.0
2014	NA	0.0
2015	NA	0.0
2016	NA	0.0
2017	NA	0.0
2018	NA	0.0
2019	NA	0.0
2020	NA	0.0
2021	NA	0.0
2022	NA	0.0
