year	v2rel	total
2003	NA	0.0
2004	NA	0.0
2005	NA	0.0
2006	NA	0.0
2007	NA	0.0
2008	NA	0.0
2009	NA	0.0
2010	NA	0.0
2011	NA	0.0
2012	NA	0.0
2013	NA	0.0
2014	NA	0.0
2015	NA	0.0
2016	NA	0.0
2017	0.7142857142857143	7.0
2018	0.7777777777777778	9.0
2019	0.7619047619047619	21.0
2020	0.6521739130434783	23.0
2021	NA	0.0
2022	NA	0.0
