year	v2rel	total
2003	NA	0.0
2004	NA	0.0
2005	0.8888888888888888	9.0
2006	1.0	26.0
2007	0.95	20.0
2008	1.0	35.0
2009	0.9333333333333333	45.0
2010	0.8947368421052632	38.0
2011	1.0	6.0
2012	1.0	6.0
2013	NA	0.0
2014	0.8571428571428571	7.0
2015	NA	0.0
2016	NA	0.0
2017	NA	0.0
2018	NA	0.0
2019	NA	0.0
2020	NA	0.0
2021	NA	0.0
2022	NA	0.0
