year	v2rel	total
2003	NA	0.0
2004	NA	0.0
2005	NA	0.0
2006	NA	0.0
2007	NA	0.0
2008	0.9333333333333333	15.0
2009	0.9523809523809523	21.0
2010	NA	0.0
2011	1.0	5.0
2012	1.0	4.0
2013	1.0	8.0
2014	1.0	7.0
2015	1.0	6.0
2016	NA	0.0
2017	NA	0.0
2018	NA	0.0
2019	NA	0.0
2020	NA	0.0
2021	NA	0.0
2022	NA	0.0
