year	v2rel	total
2003	NA	0.0
2004	NA	0.0
2005	NA	0.0
2006	NA	0.0
2007	1.0	9.0
2008	NA	0.0
2009	NA	0.0
2010	0.9090909090909091	11.0
2011	1.0	10.0
2012	0.9333333333333333	15.0
2013	1.0	11.0
2014	NA	0.0
2015	NA	0.0
2016	NA	0.0
2017	NA	0.0
2018	NA	0.0
2019	NA	0.0
2020	NA	0.0
2021	NA	0.0
2022	NA	0.0
