year	v2rel	total
2003	NA	0.0
2004	NA	0.0
2005	NA	0.0
2006	NA	0.0
2007	1.0	44.0
2008	0.9166666666666666	36.0
2009	1.0	4.0
2010	NA	0.0
2011	NA	0.0
2012	1.0	31.0
2013	0.8695652173913043	23.0
2014	NA	0.0
2015	0.75	8.0
2016	NA	0.0
2017	NA	0.0
2018	NA	0.0
2019	NA	0.0
2020	NA	0.0
2021	NA	0.0
2022	NA	0.0
