year	v2rel	total
2003	NA	0.0
2004	NA	0.0
2005	NA	0.0
2006	0.7931034482758621	29.0
2007	0.8285714285714286	35.0
2008	0.9393939393939394	33.0
2009	0.9722222222222222	36.0
2010	1.0	5.0
2011	0.8333333333333334	6.0
2012	NA	0.0
2013	NA	0.0
2014	NA	0.0
2015	NA	0.0
2016	NA	0.0
2017	NA	0.0
2018	NA	0.0
2019	NA	0.0
2020	NA	0.0
2021	NA	0.0
2022	NA	0.0
