year	v2rel	total
2003	NA	0.0
2004	NA	0.0
2005	1.0	9.0
2006	0.9259259259259259	27.0
2007	0.9722222222222222	36.0
2008	1.0	18.0
2009	1.0	14.0
2010	NA	0.0
2011	NA	0.0
2012	NA	0.0
2013	NA	0.0
2014	NA	0.0
2015	NA	0.0
2016	NA	0.0
2017	NA	0.0
2018	NA	0.0
2019	NA	0.0
2020	NA	0.0
2021	NA	0.0
2022	NA	0.0
