year	v2rel	total
2003	NA	0.0
2004	0.9705882352941176	34.0
2005	0.9545454545454546	66.0
2006	0.8852459016393442	61.0
2007	0.9777777777777777	45.0
2008	1.0	24.0
2009	1.0	41.0
2010	1.0	9.0
2011	0.9545454545454546	22.0
2012	NA	0.0
2013	NA	0.0
2014	NA	0.0
2015	NA	0.0
2016	NA	0.0
2017	NA	0.0
2018	NA	0.0
2019	NA	0.0
2020	NA	0.0
2021	NA	0.0
2022	NA	0.0
