year	v2rel	total
2003	NA	0.0
2004	NA	0.0
2005	0.6666666666666666	24.0
2006	0.8947368421052632	19.0
2007	0.8461538461538461	13.0
2008	0.9230769230769231	13.0
2009	0.8823529411764706	17.0
2010	0.8852459016393442	61.0
2011	0.8636363636363636	22.0
2012	0.8333333333333334	6.0
2013	NA	0.0
2014	NA	0.0
2015	NA	0.0
2016	NA	0.0
2017	NA	0.0
2018	NA	0.0
2019	NA	0.0
2020	NA	0.0
2021	NA	0.0
2022	NA	0.0
