year	v2rel	total
2003	NA	0.0
2004	NA	0.0
2005	NA	0.0
2006	NA	0.0
2007	NA	0.0
2008	0.9565217391304348	23.0
2009	0.9629629629629629	27.0
2010	0.875	16.0
2011	0.8	10.0
2012	1.0	4.0
2013	0.9230769230769231	13.0
2014	1.0	4.0
2015	NA	0.0
2016	NA	0.0
2017	NA	0.0
2018	NA	0.0
2019	NA	0.0
2020	NA	0.0
2021	NA	0.0
2022	NA	0.0
