year	v2rel	total
2003	NA	0.0
2004	NA	0.0
2005	NA	0.0
2006	NA	0.0
2007	0.8333333333333334	6.0
2008	1.0	14.0
2009	NA	0.0
2010	1.0	10.0
2011	1.0	11.0
2012	1.0	33.0
2013	1.0	5.0
2014	1.0	6.0
2015	1.0	34.0
2016	0.9285714285714286	14.0
2017	NA	0.0
2018	NA	0.0
2019	NA	0.0
2020	NA	0.0
2021	1.0	4.0
2022	NA	0.0
