year	v2rel	total
2003	NA	0.0
2004	NA	0.0
2005	NA	0.0
2006	NA	0.0
2007	NA	0.0
2008	NA	0.0
2009	0.9655172413793104	58.0
2010	0.9833333333333333	60.0
2011	0.9724770642201835	109.0
2012	1.0	73.0
2013	NA	0.0
2014	1.0	17.0
2015	0.95	40.0
2016	NA	0.0
2017	NA	0.0
2018	NA	0.0
2019	NA	0.0
2020	NA	0.0
2021	NA	0.0
2022	NA	0.0
