year	v2rel	total
2003	NA	0.0
2004	NA	0.0
2005	NA	0.0
2006	NA	0.0
2007	0.981651376146789	109.0
2008	0.9925373134328358	134.0
2009	0.9936507936507937	315.0
2010	0.9948717948717949	195.0
2011	0.9722222222222222	180.0
2012	1.0	111.0
2013	1.0	49.0
2014	1.0	81.0
2015	1.0	11.0
2016	1.0	35.0
2017	1.0	7.0
2018	NA	0.0
2019	NA	0.0
2020	NA	0.0
2021	NA	0.0
2022	NA	0.0
