year	v2rel	total
2003	NA	0.0
2004	NA	0.0
2005	NA	0.0
2006	NA	0.0
2007	0.9803921568627451	51.0
2008	1.0	68.0
2009	0.9861111111111112	72.0
2010	1.0	64.0
2011	1.0	41.0
2012	1.0	49.0
2013	1.0	7.0
2014	NA	0.0
2015	NA	0.0
2016	NA	0.0
2017	NA	0.0
2018	NA	0.0
2019	NA	0.0
2020	NA	0.0
2021	NA	0.0
2022	NA	0.0
