year	v2rel	total
2003	NA	0.0
2004	0.7777777777777778	9.0
2005	0.8095238095238095	21.0
2006	0.9560439560439561	91.0
2007	0.9824561403508771	57.0
2008	1.0	34.0
2009	0.9772727272727273	44.0
2010	0.9411764705882353	17.0
2011	1.0	6.0
2012	0.8888888888888888	9.0
2013	0.6	5.0
2014	NA	0.0
2015	NA	0.0
2016	NA	0.0
2017	NA	0.0
2018	NA	0.0
2019	NA	0.0
2020	NA	0.0
2021	NA	0.0
2022	NA	0.0
