year	v2rel	total
2003	NA	0.0
2004	NA	0.0
2005	1.0	5.0
2006	0.7647058823529411	17.0
2007	0.6470588235294118	17.0
2008	1.0	12.0
2009	0.8461538461538461	13.0
2010	NA	0.0
2011	NA	0.0
2012	NA	0.0
2013	NA	0.0
2014	NA	0.0
2015	NA	0.0
2016	NA	0.0
2017	NA	0.0
2018	NA	0.0
2019	NA	0.0
2020	NA	0.0
2021	NA	0.0
2022	NA	0.0
