year	v2rel	total
2003	NA	0.0
2004	NA	0.0
2005	0.4444444444444444	9.0
2006	0.4444444444444444	18.0
2007	0.36	25.0
2008	0.4	5.0
2009	0.0	4.0
2010	NA	0.0
2011	NA	0.0
2012	0.7142857142857143	7.0
2013	0.625	8.0
2014	NA	0.0
2015	NA	0.0
2016	NA	0.0
2017	NA	0.0
2018	NA	0.0
2019	NA	0.0
2020	NA	0.0
2021	NA	0.0
2022	NA	0.0
