year	v2rel	total
2003	NA	0.0
2004	NA	0.0
2005	0.8888888888888888	18.0
2006	0.9090909090909091	77.0
2007	0.9130434782608695	23.0
2008	0.96	50.0
2009	0.8461538461538461	13.0
2010	0.75	4.0
2011	1.0	8.0
2012	NA	0.0
2013	NA	0.0
2014	NA	0.0
2015	NA	0.0
2016	NA	0.0
2017	NA	0.0
2018	NA	0.0
2019	NA	0.0
2020	NA	0.0
2021	NA	0.0
2022	NA	0.0
