year	v2rel	total
2003	NA	0.0
2004	0.0	4.0
2005	0.0	117.0
2006	0.044444444444444446	45.0
2007	0.034482758620689655	58.0
2008	0.024390243902439025	82.0
2009	0.024242424242424242	165.0
2010	0.022727272727272728	44.0
2011	0.0	23.0
2012	NA	0.0
2013	NA	0.0
2014	NA	0.0
2015	NA	0.0
2016	NA	0.0
2017	NA	0.0
2018	NA	0.0
2019	NA	0.0
2020	NA	0.0
2021	NA	0.0
2022	NA	0.0
