year	v2rel	total
2003	NA	0.0
2004	NA	0.0
2005	NA	0.0
2006	NA	0.0
2007	NA	0.0
2008	NA	0.0
2009	NA	0.0
2010	NA	0.0
2011	NA	0.0
2012	NA	0.0
2013	NA	0.0
2014	NA	0.0
2015	NA	0.0
2016	0.16666666666666666	6.0
2017	0.041666666666666664	24.0
2018	0.047619047619047616	42.0
2019	0.02702702702702703	74.0
2020	0.01818181818181818	55.0
2021	0.01639344262295082	61.0
2022	0.03571428571428571	84.0
