year	v2rel	total
2003	NA	0.0
2004	NA	0.0
2005	NA	0.0
2006	NA	0.0
2007	0.7692307692307693	13.0
2008	0.6904761904761905	42.0
2009	0.7647058823529411	17.0
2010	NA	0.0
2011	NA	0.0
2012	0.8125	16.0
2013	NA	0.0
2014	NA	0.0
2015	NA	0.0
2016	NA	0.0
2017	NA	0.0
2018	NA	0.0
2019	NA	0.0
2020	NA	0.0
2021	NA	0.0
2022	NA	0.0
