year	v2rel	total
2003	NA	0.0
2004	1.0	5.0
2005	0.8181818181818182	44.0
2006	0.90625	32.0
2007	0.8333333333333334	6.0
2008	0.7222222222222222	54.0
2009	0.6410256410256411	39.0
2010	0.25	20.0
2011	NA	0.0
2012	0.625	8.0
2013	0.0	9.0
2014	0.2727272727272727	11.0
2015	NA	0.0
2016	NA	0.0
2017	NA	0.0
2018	NA	0.0
2019	NA	0.0
2020	NA	0.0
2021	NA	0.0
2022	NA	0.0
