year	v2rel	total
2003	NA	0.0
2004	NA	0.0
2005	NA	0.0
2006	NA	0.0
2007	NA	0.0
2008	NA	0.0
2009	NA	0.0
2010	NA	0.0
2011	0.4166666666666667	12.0
2012	0.6153846153846154	26.0
2013	NA	0.0
2014	NA	0.0
2015	NA	0.0
2016	NA	0.0
2017	0.07142857142857142	14.0
2018	0.125	8.0
2019	NA	0.0
2020	NA	0.0
2021	NA	0.0
2022	NA	0.0
