year	v2rel	total
2003	NA	0.0
2004	0.3076923076923077	13.0
2005	0.4	15.0
2006	0.2727272727272727	11.0
2007	NA	0.0
2008	NA	0.0
2009	0.0	7.0
2010	NA	0.0
2011	0.25	4.0
2012	NA	0.0
2013	NA	0.0
2014	NA	0.0
2015	NA	0.0
2016	NA	0.0
2017	NA	0.0
2018	NA	0.0
2019	NA	0.0
2020	NA	0.0
2021	NA	0.0
2022	NA	0.0
