year	v2rel	total
2003	NA	0.0
2004	NA	0.0
2005	NA	0.0
2006	NA	0.0
2007	NA	0.0
2008	0.3125	16.0
2009	0.7647058823529411	34.0
2010	0.375	40.0
2011	0.4107142857142857	56.0
2012	0.3	10.0
2013	0.4444444444444444	9.0
2014	NA	0.0
2015	NA	0.0
2016	NA	0.0
2017	NA	0.0
2018	NA	0.0
2019	NA	0.0
2020	NA	0.0
2021	NA	0.0
2022	NA	0.0
