year	v2rel	total
2003	NA	0.0
2004	NA	0.0
2005	NA	0.0
2006	NA	0.0
2007	0.0	7.0
2008	0.004694835680751174	213.0
2009	0.011235955056179775	89.0
2010	0.0	54.0
2011	0.0	38.0
2012	0.0	49.0
2013	0.0	15.0
2014	NA	0.0
2015	NA	0.0
2016	NA	0.0
2017	NA	0.0
2018	NA	0.0
2019	NA	0.0
2020	NA	0.0
2021	NA	0.0
2022	NA	0.0
