year	v2rel	total
2003	NA	0.0
2004	NA	0.0
2005	NA	0.0
2006	NA	0.0
2007	NA	0.0
2008	NA	0.0
2009	0.1111111111111111	9.0
2010	0.2608695652173913	23.0
2011	0.2857142857142857	7.0
2012	NA	0.0
2013	NA	0.0
2014	0.7142857142857143	7.0
2015	NA	0.0
2016	NA	0.0
2017	NA	0.0
2018	NA	0.0
2019	NA	0.0
2020	NA	0.0
2021	NA	0.0
2022	NA	0.0
