year	v2rel	total
2003	NA	0.0
2004	0.5	4.0
2005	0.8	15.0
2006	0.6086956521739131	23.0
2007	0.5283018867924528	53.0
2008	0.6470588235294118	17.0
2009	0.4	5.0
2010	0.8148148148148148	27.0
2011	NA	0.0
2012	0.75	4.0
2013	NA	0.0
2014	NA	0.0
2015	NA	0.0
2016	0.8	5.0
2017	NA	0.0
2018	NA	0.0
2019	NA	0.0
2020	NA	0.0
2021	NA	0.0
2022	NA	0.0
