year	v2rel	total
2003	NA	0.0
2004	NA	0.0
2005	0.6666666666666666	24.0
2006	0.8369565217391305	92.0
2007	0.948051948051948	77.0
2008	0.9692307692307692	65.0
2009	0.9482758620689655	58.0
2010	NA	0.0
2011	NA	0.0
2012	NA	0.0
2013	NA	0.0
2014	NA	0.0
2015	NA	0.0
2016	NA	0.0
2017	NA	0.0
2018	NA	0.0
2019	NA	0.0
2020	NA	0.0
2021	NA	0.0
2022	NA	0.0
