year	v2rel	total
2003	NA	0.0
2004	NA	0.0
2005	NA	0.0
2006	NA	0.0
2007	0.1111111111111111	18.0
2008	0.045454545454545456	22.0
2009	0.45454545454545453	11.0
2010	NA	0.0
2011	NA	0.0
2012	0.0	6.0
2013	NA	0.0
2014	NA	0.0
2015	NA	0.0
2016	NA	0.0
2017	NA	0.0
2018	NA	0.0
2019	NA	0.0
2020	NA	0.0
2021	NA	0.0
2022	NA	0.0
