year	v2rel	total
2003	NA	0.0
2004	NA	0.0
2005	NA	0.0
2006	NA	0.0
2007	NA	0.0
2008	NA	0.0
2009	NA	0.0
2010	0.7692307692307693	13.0
2011	0.6666666666666666	18.0
2012	NA	0.0
2013	0.6	5.0
2014	0.8636363636363636	22.0
2015	0.8571428571428571	7.0
2016	NA	0.0
2017	1.0	6.0
2018	NA	0.0
2019	0.8	5.0
2020	NA	0.0
2021	NA	0.0
2022	NA	0.0
