year	v2rel	total
2003	NA	0.0
2004	NA	0.0
2005	NA	0.0
2006	NA	0.0
2007	NA	0.0
2008	NA	0.0
2009	0.25	4.0
2010	0.8275862068965517	29.0
2011	0.9411764705882353	17.0
2012	0.6666666666666666	12.0
2013	1.0	5.0
2014	1.0	4.0
2015	NA	0.0
2016	NA	0.0
2017	NA	0.0
2018	NA	0.0
2019	NA	0.0
2020	NA	0.0
2021	NA	0.0
2022	NA	0.0
