year	v2rel	total
2003	0.8571428571428571	21.0
2004	1.0	12.0
2005	0.9761904761904762	42.0
2006	0.9565217391304348	23.0
2007	0.88	25.0
2008	1.0	5.0
2009	NA	0.0
2010	0.92	25.0
2011	NA	0.0
2012	NA	0.0
2013	NA	0.0
2014	NA	0.0
2015	NA	0.0
2016	NA	0.0
2017	NA	0.0
2018	NA	0.0
2019	NA	0.0
2020	NA	0.0
2021	NA	0.0
2022	NA	0.0
