year	v2rel	total
2003	NA	0.0
2004	NA	0.0
2005	NA	0.0
2006	NA	0.0
2007	1.0	10.0
2008	0.8	20.0
2009	0.9444444444444444	72.0
2010	0.75	56.0
2011	0.8571428571428571	14.0
2012	1.0	8.0
2013	1.0	8.0
2014	0.75	8.0
2015	NA	0.0
2016	NA	0.0
2017	NA	0.0
2018	NA	0.0
2019	NA	0.0
2020	NA	0.0
2021	NA	0.0
2022	NA	0.0
