year	v2rel	total
2003	NA	0.0
2004	0.875	8.0
2005	0.5333333333333333	15.0
2006	0.6666666666666666	9.0
2007	0.95	20.0
2008	0.8823529411764706	17.0
2009	NA	0.0
2010	NA	0.0
2011	NA	0.0
2012	0.8333333333333334	6.0
2013	1.0	5.0
2014	NA	0.0
2015	NA	0.0
2016	NA	0.0
2017	NA	0.0
2018	NA	0.0
2019	NA	0.0
2020	NA	0.0
2021	NA	0.0
2022	NA	0.0
