year	v2rel	total
2003	NA	0.0
2004	NA	0.0
2005	0.9629629629629629	27.0
2006	1.0	13.0
2007	0.8	15.0
2008	0.5416666666666666	24.0
2009	0.7692307692307693	26.0
2010	NA	0.0
2011	NA	0.0
2012	NA	0.0
2013	NA	0.0
2014	NA	0.0
2015	NA	0.0
2016	NA	0.0
2017	NA	0.0
2018	NA	0.0
2019	NA	0.0
2020	NA	0.0
2021	NA	0.0
2022	NA	0.0
