year	v2rel	total
2003	NA	0.0
2004	NA	0.0
2005	NA	0.0
2006	0.5641025641025641	39.0
2007	0.4925373134328358	67.0
2008	0.46835443037974683	79.0
2009	0.550561797752809	89.0
2010	0.2608695652173913	23.0
2011	0.17647058823529413	17.0
2012	NA	0.0
2013	NA	0.0
2014	NA	0.0
2015	NA	0.0
2016	NA	0.0
2017	NA	0.0
2018	NA	0.0
2019	NA	0.0
2020	NA	0.0
2021	NA	0.0
2022	NA	0.0
