year	v2rel	total
2003	NA	0.0
2004	NA	0.0
2005	NA	0.0
2006	0.14285714285714285	7.0
2007	0.0	13.0
2008	0.34285714285714286	35.0
2009	0.21686746987951808	83.0
2010	0.21951219512195122	164.0
2011	0.16	50.0
2012	NA	0.0
2013	NA	0.0
2014	NA	0.0
2015	NA	0.0
2016	NA	0.0
2017	NA	0.0
2018	NA	0.0
2019	NA	0.0
2020	NA	0.0
2021	NA	0.0
2022	NA	0.0
