year	v2rel	total
2003	NA	0.0
2004	NA	0.0
2005	NA	0.0
2006	NA	0.0
2007	NA	0.0
2008	0.5263157894736842	19.0
2009	0.3076923076923077	13.0
2010	0.08333333333333333	12.0
2011	0.07692307692307693	13.0
2012	NA	0.0
2013	0.5	8.0
2014	NA	0.0
2015	NA	0.0
2016	NA	0.0
2017	NA	0.0
2018	NA	0.0
2019	NA	0.0
2020	NA	0.0
2021	NA	0.0
2022	NA	0.0
