year	v2rel	total
2003	NA	0.0
2004	NA	0.0
2005	NA	0.0
2006	NA	0.0
2007	NA	0.0
2008	0.391304347826087	23.0
2009	0.9130434782608695	23.0
2010	0.7647058823529411	17.0
2011	0.8785046728971962	107.0
2012	0.9042553191489362	94.0
2013	1.0	10.0
2014	NA	0.0
2015	NA	0.0
2016	NA	0.0
2017	NA	0.0
2018	NA	0.0
2019	NA	0.0
2020	NA	0.0
2021	NA	0.0
2022	NA	0.0
