year	v2rel	total
2003	NA	0.0
2004	NA	0.0
2005	0.6923076923076923	13.0
2006	0.2857142857142857	7.0
2007	NA	0.0
2008	NA	0.0
2009	NA	0.0
2010	0.7142857142857143	14.0
2011	NA	0.0
2012	0.9523809523809523	21.0
2013	NA	0.0
2014	NA	0.0
2015	NA	0.0
2016	NA	0.0
2017	NA	0.0
2018	NA	0.0
2019	NA	0.0
2020	NA	0.0
2021	NA	0.0
2022	NA	0.0
