year	v2rel	total
2003	NA	0.0
2004	NA	0.0
2005	NA	0.0
2006	NA	0.0
2007	0.8421052631578947	19.0
2008	0.8939393939393939	66.0
2009	0.9038461538461539	52.0
2010	0.9411764705882353	17.0
2011	0.9444444444444444	18.0
2012	0.9	50.0
2013	0.95	20.0
2014	NA	0.0
2015	NA	0.0
2016	NA	0.0
2017	NA	0.0
2018	NA	0.0
2019	NA	0.0
2020	NA	0.0
2021	NA	0.0
2022	NA	0.0
