year	v2rel	total
2003	NA	0.0
2004	NA	0.0
2005	0.08571428571428572	35.0
2006	0.0	26.0
2007	0.23809523809523808	21.0
2008	0.1794871794871795	39.0
2009	0.061224489795918366	49.0
2010	0.061855670103092786	97.0
2011	0.1276595744680851	47.0
2012	0.07142857142857142	14.0
2013	0.25	12.0
2014	NA	0.0
2015	NA	0.0
2016	NA	0.0
2017	NA	0.0
2018	NA	0.0
2019	NA	0.0
2020	NA	0.0
2021	NA	0.0
2022	NA	0.0
