year	v2rel	total
2003	NA	0.0
2004	NA	0.0
2005	0.4	5.0
2006	0.8648648648648649	37.0
2007	0.7142857142857143	14.0
2008	1.0	6.0
2009	NA	0.0
2010	0.5	10.0
2011	0.2857142857142857	7.0
2012	0.6666666666666666	6.0
2013	NA	0.0
2014	NA	0.0
2015	NA	0.0
2016	NA	0.0
2017	NA	0.0
2018	NA	0.0
2019	NA	0.0
2020	NA	0.0
2021	NA	0.0
2022	NA	0.0
