year	v2rel	total
2003	NA	0.0
2004	NA	0.0
2005	NA	0.0
2006	0.047619047619047616	21.0
2007	0.25	8.0
2008	0.5	6.0
2009	0.4166666666666667	24.0
2010	0.4411764705882353	34.0
2011	0.46153846153846156	13.0
2012	0.5	4.0
2013	NA	0.0
2014	NA	0.0
2015	NA	0.0
2016	NA	0.0
2017	NA	0.0
2018	NA	0.0
2019	NA	0.0
2020	NA	0.0
2021	NA	0.0
2022	NA	0.0
