year	v2rel	total
2003	NA	0.0
2004	NA	0.0
2005	0.8333333333333334	6.0
2006	0.9	40.0
2007	0.9473684210526315	19.0
2008	0.7	10.0
2009	0.6470588235294118	34.0
2010	NA	0.0
2011	NA	0.0
2012	NA	0.0
2013	NA	0.0
2014	NA	0.0
2015	NA	0.0
2016	NA	0.0
2017	NA	0.0
2018	NA	0.0
2019	NA	0.0
2020	NA	0.0
2021	NA	0.0
2022	NA	0.0
