year	v2rel	total
2003	NA	0.0
2004	NA	0.0
2005	NA	0.0
2006	NA	0.0
2007	0.782608695652174	23.0
2008	0.7272727272727273	22.0
2009	0.5660377358490566	53.0
2010	0.625	16.0
2011	0.38461538461538464	13.0
2012	0.25	8.0
2013	NA	0.0
2014	NA	0.0
2015	NA	0.0
2016	NA	0.0
2017	NA	0.0
2018	NA	0.0
2019	NA	0.0
2020	NA	0.0
2021	NA	0.0
2022	NA	0.0
