year	v2rel	total
2003	NA	0.0
2004	NA	0.0
2005	NA	0.0
2006	NA	0.0
2007	0.0	5.0
2008	0.1323529411764706	68.0
2009	0.28888888888888886	45.0
2010	0.2647058823529412	34.0
2011	0.6875	32.0
2012	0.625	40.0
2013	0.8292682926829268	41.0
2014	NA	0.0
2015	NA	0.0
2016	NA	0.0
2017	NA	0.0
2018	NA	0.0
2019	NA	0.0
2020	NA	0.0
2021	NA	0.0
2022	NA	0.0
