year	v2rel	total
2003	NA	0.0
2004	NA	0.0
2005	NA	0.0
2006	NA	0.0
2007	NA	0.0
2008	NA	0.0
2009	NA	0.0
2010	NA	0.0
2011	NA	0.0
2012	0.9090909090909091	33.0
2013	0.9782608695652174	46.0
2014	0.9272727272727272	55.0
2015	1.0	5.0
2016	NA	0.0
2017	NA	0.0
2018	NA	0.0
2019	NA	0.0
2020	NA	0.0
2021	NA	0.0
2022	NA	0.0
