year	v2rel	total
2003	NA	0.0
2004	NA	0.0
2005	NA	0.0
2006	1.0	5.0
2007	0.9459459459459459	37.0
2008	0.9523809523809523	42.0
2009	0.9016393442622951	61.0
2010	1.0	41.0
2011	0.975609756097561	41.0
2012	NA	0.0
2013	NA	0.0
2014	NA	0.0
2015	NA	0.0
2016	NA	0.0
2017	NA	0.0
2018	NA	0.0
2019	NA	0.0
2020	NA	0.0
2021	NA	0.0
2022	NA	0.0
