year	v2rel	total
2003	NA	0.0
2004	NA	0.0
2005	NA	0.0
2006	NA	0.0
2007	NA	0.0
2008	NA	0.0
2009	NA	0.0
2010	NA	0.0
2011	NA	0.0
2012	NA	0.0
2013	NA	0.0
2014	1.0	11.0
2015	1.0	23.0
2016	0.9824561403508771	57.0
2017	1.0	18.0
2018	0.9459459459459459	37.0
2019	NA	0.0
2020	NA	0.0
2021	NA	0.0
2022	NA	0.0
