year	v2rel	total
2003	NA	0.0
2004	NA	0.0
2005	NA	0.0
2006	0.25	4.0
2007	0.225	40.0
2008	0.21739130434782608	23.0
2009	0.48484848484848486	33.0
2010	0.589041095890411	73.0
2011	0.84	75.0
2012	0.5555555555555556	9.0
2013	0.6923076923076923	26.0
2014	NA	0.0
2015	NA	0.0
2016	NA	0.0
2017	NA	0.0
2018	NA	0.0
2019	NA	0.0
2020	NA	0.0
2021	NA	0.0
2022	NA	0.0
