year	v2rel	total
2003	NA	0.0
2004	0.0	5.0
2005	0.0449438202247191	89.0
2006	0.3553299492385787	197.0
2007	0.5179856115107914	139.0
2008	0.8352941176470589	85.0
2009	0.576271186440678	59.0
2010	0.6551724137931034	58.0
2011	0.96	25.0
2012	0.8947368421052632	19.0
2013	0.7142857142857143	14.0
2014	NA	0.0
2015	NA	0.0
2016	NA	0.0
2017	NA	0.0
2018	NA	0.0
2019	NA	0.0
2020	NA	0.0
2021	NA	0.0
2022	NA	0.0
