year	v2rel	total
2003	NA	0.0
2004	NA	0.0
2005	0.9024390243902439	41.0
2006	0.9594594594594594	74.0
2007	0.91	100.0
2008	0.967741935483871	31.0
2009	1.0	19.0
2010	NA	0.0
2011	NA	0.0
2012	NA	0.0
2013	NA	0.0
2014	NA	0.0
2015	NA	0.0
2016	NA	0.0
2017	NA	0.0
2018	NA	0.0
2019	NA	0.0
2020	NA	0.0
2021	NA	0.0
2022	NA	0.0
