year	v2rel	total
2003	NA	0.0
2004	NA	0.0
2005	NA	0.0
2006	NA	0.0
2007	NA	0.0
2008	NA	0.0
2009	NA	0.0
2010	NA	0.0
2011	0.25757575757575757	66.0
2012	0.3142857142857143	35.0
2013	0.0	4.0
2014	NA	0.0
2015	NA	0.0
2016	NA	0.0
2017	0.3333333333333333	6.0
2018	0.0	4.0
2019	NA	0.0
2020	NA	0.0
2021	NA	0.0
2022	NA	0.0
