year	v2rel	total
2003	NA	0.0
2004	NA	0.0
2005	0.0	9.0
2006	0.16666666666666666	6.0
2007	0.2857142857142857	14.0
2008	0.18181818181818182	44.0
2009	0.15584415584415584	77.0
2010	0.4	5.0
2011	NA	0.0
2012	NA	0.0
2013	NA	0.0
2014	NA	0.0
2015	NA	0.0
2016	NA	0.0
2017	NA	0.0
2018	NA	0.0
2019	NA	0.0
2020	NA	0.0
2021	NA	0.0
2022	NA	0.0
