year	v2rel	total
2003	NA	0.0
2004	NA	0.0
2005	NA	0.0
2006	NA	0.0
2007	NA	0.0
2008	NA	0.0
2009	NA	0.0
2010	NA	0.0
2011	0.24	25.0
2012	0.125	8.0
2013	0.2727272727272727	11.0
2014	NA	0.0
2015	0.6	5.0
2016	0.42857142857142855	7.0
2017	0.5555555555555556	9.0
2018	NA	0.0
2019	0.5	6.0
2020	NA	0.0
2021	NA	0.0
2022	NA	0.0
