year	v2rel	total
2003	NA	0.0
2004	NA	0.0
2005	NA	0.0
2006	0.6785714285714286	28.0
2007	0.8787878787878788	99.0
2008	0.8205128205128205	39.0
2009	1.0	24.0
2010	0.7777777777777778	9.0
2011	NA	0.0
2012	NA	0.0
2013	NA	0.0
2014	NA	0.0
2015	NA	0.0
2016	NA	0.0
2017	NA	0.0
2018	NA	0.0
2019	NA	0.0
2020	NA	0.0
2021	NA	0.0
2022	NA	0.0
