year	v2rel	total
2003	NA	0.0
2004	0.2857142857142857	14.0
2005	0.5	22.0
2006	0.25	8.0
2007	NA	0.0
2008	0.23529411764705882	17.0
2009	0.68	25.0
2010	0.7894736842105263	19.0
2011	1.0	4.0
2012	NA	0.0
2013	NA	0.0
2014	NA	0.0
2015	NA	0.0
2016	NA	0.0
2017	NA	0.0
2018	NA	0.0
2019	NA	0.0
2020	NA	0.0
2021	NA	0.0
2022	NA	0.0
