year	v2rel	total
2003	NA	0.0
2004	NA	0.0
2005	NA	0.0
2006	NA	0.0
2007	0.037037037037037035	27.0
2008	0.043478260869565216	23.0
2009	0.10526315789473684	38.0
2010	0.0	12.0
2011	NA	0.0
2012	NA	0.0
2013	NA	0.0
2014	0.0	5.0
2015	NA	0.0
2016	NA	0.0
2017	NA	0.0
2018	NA	0.0
2019	NA	0.0
2020	NA	0.0
2021	NA	0.0
2022	NA	0.0
