year	v2rel	total
2003	NA	0.0
2004	NA	0.0
2005	NA	0.0
2006	NA	0.0
2007	NA	0.0
2008	NA	0.0
2009	NA	0.0
2010	NA	0.0
2011	0.6086956521739131	23.0
2012	0.5555555555555556	27.0
2013	0.5	14.0
2014	0.358974358974359	39.0
2015	0.4791666666666667	48.0
2016	0.5428571428571428	35.0
2017	NA	0.0
2018	NA	0.0
2019	NA	0.0
2020	NA	0.0
2021	NA	0.0
2022	NA	0.0
