year	v2rel	total
2003	NA	0.0
2004	NA	0.0
2005	NA	0.0
2006	NA	0.0
2007	0.0625	32.0
2008	0.18181818181818182	11.0
2009	0.10526315789473684	19.0
2010	0.03773584905660377	265.0
2011	0.20408163265306123	49.0
2012	NA	0.0
2013	NA	0.0
2014	NA	0.0
2015	0.25	4.0
2016	NA	0.0
2017	NA	0.0
2018	NA	0.0
2019	NA	0.0
2020	NA	0.0
2021	NA	0.0
2022	NA	0.0
