year	v2rel	total
2003	NA	0.0
2004	NA	0.0
2005	NA	0.0
2006	NA	0.0
2007	NA	0.0
2008	NA	0.0
2009	NA	0.0
2010	0.3333333333333333	18.0
2011	0.36363636363636365	11.0
2012	NA	0.0
2013	0.2222222222222222	18.0
2014	0.26666666666666666	15.0
2015	0.375	16.0
2016	NA	0.0
2017	NA	0.0
2018	NA	0.0
2019	NA	0.0
2020	NA	0.0
2021	NA	0.0
2022	NA	0.0
