year	v2rel	total
2003	NA	0.0
2004	NA	0.0
2005	NA	0.0
2006	0.7333333333333333	15.0
2007	0.6818181818181818	44.0
2008	0.5102040816326531	49.0
2009	0.42105263157894735	19.0
2010	NA	0.0
2011	NA	0.0
2012	NA	0.0
2013	0.6	15.0
2014	NA	0.0
2015	NA	0.0
2016	NA	0.0
2017	NA	0.0
2018	NA	0.0
2019	NA	0.0
2020	NA	0.0
2021	NA	0.0
2022	NA	0.0
