year	v2rel	total
2003	NA	0.0
2004	NA	0.0
2005	NA	0.0
2006	NA	0.0
2007	0.14285714285714285	7.0
2008	0.44	25.0
2009	0.6052631578947368	76.0
2010	0.7362637362637363	182.0
2011	0.68	25.0
2012	0.8333333333333334	6.0
2013	NA	0.0
2014	NA	0.0
2015	NA	0.0
2016	NA	0.0
2017	NA	0.0
2018	NA	0.0
2019	NA	0.0
2020	NA	0.0
2021	NA	0.0
2022	NA	0.0
