year	v2rel	total
2003	NA	0.0
2004	NA	0.0
2005	NA	0.0
2006	NA	0.0
2007	NA	0.0
2008	NA	0.0
2009	NA	0.0
2010	NA	0.0
2011	NA	0.0
2012	NA	0.0
2013	NA	0.0
2014	NA	0.0
2015	NA	0.0
2016	0.8518518518518519	27.0
2017	0.9375	80.0
2018	0.7887323943661971	71.0
2019	0.9285714285714286	28.0
2020	NA	0.0
2021	NA	0.0
2022	NA	0.0
