year	v2rel	total
2003	NA	0.0
2004	NA	0.0
2005	NA	0.0
2006	NA	0.0
2007	0.007326007326007326	273.0
2008	0.015873015873015872	315.0
2009	0.013333333333333334	300.0
2010	0.009389671361502348	213.0
2011	0.007194244604316547	139.0
2012	0.0	223.0
2013	0.0	34.0
2014	0.0	6.0
2015	NA	0.0
2016	NA	0.0
2017	NA	0.0
2018	NA	0.0
2019	NA	0.0
2020	NA	0.0
2021	NA	0.0
2022	NA	0.0
