year	v2rel	total
2003	NA	0.0
2004	NA	0.0
2005	NA	0.0
2006	NA	0.0
2007	NA	0.0
2008	0.9583333333333334	24.0
2009	0.9333333333333333	45.0
2010	0.75	4.0
2011	NA	0.0
2012	1.0	20.0
2013	1.0	5.0
2014	NA	0.0
2015	NA	0.0
2016	NA	0.0
2017	NA	0.0
2018	NA	0.0
2019	NA	0.0
2020	NA	0.0
2021	NA	0.0
2022	NA	0.0
