year	v2rel	total
2003	NA	0.0
2004	NA	0.0
2005	NA	0.0
2006	NA	0.0
2007	0.9487179487179487	39.0
2008	0.9833333333333333	60.0
2009	0.9117647058823529	34.0
2010	0.9807692307692307	52.0
2011	0.9523809523809523	21.0
2012	NA	0.0
2013	NA	0.0
2014	NA	0.0
2015	NA	0.0
2016	NA	0.0
2017	NA	0.0
2018	NA	0.0
2019	NA	0.0
2020	NA	0.0
2021	NA	0.0
2022	NA	0.0
