year	v2rel	total
2003	NA	0.0
2004	NA	0.0
2005	NA	0.0
2006	0.9583333333333334	72.0
2007	0.9714285714285714	35.0
2008	0.9375	64.0
2009	0.9215686274509803	51.0
2010	0.5833333333333334	24.0
2011	1.0	4.0
2012	NA	0.0
2013	NA	0.0
2014	NA	0.0
2015	NA	0.0
2016	NA	0.0
2017	NA	0.0
2018	NA	0.0
2019	NA	0.0
2020	NA	0.0
2021	NA	0.0
2022	NA	0.0
