year	v2rel	total
2003	NA	0.0
2004	NA	0.0
2005	0.09090909090909091	33.0
2006	0.10526315789473684	19.0
2007	0.17857142857142858	28.0
2008	0.0	6.0
2009	NA	0.0
2010	NA	0.0
2011	NA	0.0
2012	NA	0.0
2013	NA	0.0
2014	NA	0.0
2015	NA	0.0
2016	NA	0.0
2017	NA	0.0
2018	NA	0.0
2019	NA	0.0
2020	NA	0.0
2021	NA	0.0
2022	NA	0.0
