year	v2rel	total
2003	NA	0.0
2004	NA	0.0
2005	NA	0.0
2006	0.3333333333333333	9.0
2007	0.7777777777777778	9.0
2008	0.9795918367346939	49.0
2009	0.9583333333333334	24.0
2010	0.8823529411764706	17.0
2011	0.8333333333333334	6.0
2012	NA	0.0
2013	NA	0.0
2014	NA	0.0
2015	NA	0.0
2016	NA	0.0
2017	NA	0.0
2018	NA	0.0
2019	NA	0.0
2020	NA	0.0
2021	NA	0.0
2022	NA	0.0
