year	v2rel	total
2003	NA	0.0
2004	NA	0.0
2005	NA	0.0
2006	NA	0.0
2007	NA	0.0
2008	0.0	6.0
2009	0.06896551724137931	29.0
2010	0.05714285714285714	35.0
2011	0.07142857142857142	28.0
2012	0.0	8.0
2013	0.0	10.0
2014	NA	0.0
2015	NA	0.0
2016	NA	0.0
2017	NA	0.0
2018	NA	0.0
2019	NA	0.0
2020	NA	0.0
2021	NA	0.0
2022	NA	0.0
