year	v2rel	total
2003	NA	0.0
2004	NA	0.0
2005	NA	0.0
2006	0.4925373134328358	67.0
2007	0.6785714285714286	28.0
2008	0.7941176470588235	34.0
2009	0.7101449275362319	69.0
2010	0.2	30.0
2011	0.5	20.0
2012	0.2857142857142857	7.0
2013	NA	0.0
2014	NA	0.0
2015	NA	0.0
2016	NA	0.0
2017	NA	0.0
2018	NA	0.0
2019	NA	0.0
2020	NA	0.0
2021	NA	0.0
2022	NA	0.0
