year	v2rel	total
2003	0.3333333333333333	9.0
2004	0.38461538461538464	13.0
2005	0.1111111111111111	9.0
2006	NA	0.0
2007	NA	0.0
2008	NA	0.0
2009	NA	0.0
2010	1.0	5.0
2011	0.75	4.0
2012	NA	0.0
2013	NA	0.0
2014	NA	0.0
2015	NA	0.0
2016	NA	0.0
2017	NA	0.0
2018	NA	0.0
2019	NA	0.0
2020	NA	0.0
2021	NA	0.0
2022	NA	0.0
