year	v2rel	total
2003	NA	0.0
2004	NA	0.0
2005	NA	0.0
2006	NA	0.0
2007	NA	0.0
2008	NA	0.0
2009	NA	0.0
2010	0.9430379746835443	158.0
2011	0.9202127659574468	188.0
2012	0.9568345323741008	139.0
2013	0.9838709677419355	62.0
2014	0.9565217391304348	23.0
2015	NA	0.0
2016	NA	0.0
2017	NA	0.0
2018	NA	0.0
2019	NA	0.0
2020	NA	0.0
2021	NA	0.0
2022	NA	0.0
