year	v2rel	total
2003	NA	0.0
2004	NA	0.0
2005	NA	0.0
2006	NA	0.0
2007	0.5467980295566502	203.0
2008	0.632768361581921	177.0
2009	0.6468085106382979	470.0
2010	0.81640625	256.0
2011	0.8444444444444444	225.0
2012	0.8846153846153846	156.0
2013	0.8024691358024691	81.0
2014	0.953125	64.0
2015	NA	0.0
2016	0.9069767441860465	43.0
2017	1.0	5.0
2018	NA	0.0
2019	NA	0.0
2020	NA	0.0
2021	NA	0.0
2022	NA	0.0
