year	v2rel	total
2003	NA	0.0
2004	NA	0.0
2005	NA	0.0
2006	NA	0.0
2007	NA	0.0
2008	NA	0.0
2009	NA	0.0
2010	NA	0.0
2011	0.8214285714285714	28.0
2012	0.8620689655172413	29.0
2013	0.4666666666666667	15.0
2014	NA	0.0
2015	1.0	6.0
2016	NA	0.0
2017	1.0	4.0
2018	NA	0.0
2019	NA	0.0
2020	NA	0.0
2021	NA	0.0
2022	NA	0.0
