year	v2rel	total
2003	NA	0.0
2004	NA	0.0
2005	NA	0.0
2006	NA	0.0
2007	NA	0.0
2008	NA	0.0
2009	NA	0.0
2010	NA	0.0
2011	NA	0.0
2012	NA	0.0
2013	NA	0.0
2014	NA	0.0
2015	NA	0.0
2016	NA	0.0
2017	0.012195121951219513	82.0
2018	0.00847457627118644	118.0
2019	0.011111111111111112	90.0
2020	0.0	186.0
2021	0.05714285714285714	35.0
2022	0.041666666666666664	24.0
