year	v2rel	total
2003	1.0	9.0
2004	0.96875	32.0
2005	NA	0.0
2006	1.0	14.0
2007	1.0	16.0
2008	1.0	10.0
2009	0.9456521739130435	92.0
2010	NA	0.0
2011	NA	0.0
2012	NA	0.0
2013	NA	0.0
2014	NA	0.0
2015	NA	0.0
2016	NA	0.0
2017	NA	0.0
2018	NA	0.0
2019	NA	0.0
2020	NA	0.0
2021	NA	0.0
2022	NA	0.0
