year	v2rel	total
2003	NA	0.0
2004	0.75	16.0
2005	0.782608695652174	23.0
2006	0.9692307692307692	65.0
2007	0.9473684210526315	114.0
2008	0.9523809523809523	63.0
2009	0.9696969696969697	33.0
2010	1.0	11.0
2011	NA	0.0
2012	1.0	6.0
2013	NA	0.0
2014	NA	0.0
2015	NA	0.0
2016	NA	0.0
2017	NA	0.0
2018	NA	0.0
2019	NA	0.0
2020	NA	0.0
2021	NA	0.0
2022	NA	0.0
