year	v2rel	total
2003	NA	0.0
2004	NA	0.0
2005	NA	0.0
2006	NA	0.0
2007	NA	0.0
2008	NA	0.0
2009	0.5714285714285714	14.0
2010	0.7272727272727273	11.0
2011	0.9090909090909091	11.0
2012	0.7777777777777778	9.0
2013	0.2727272727272727	11.0
2014	1.0	5.0
2015	NA	0.0
2016	NA	0.0
2017	NA	0.0
2018	NA	0.0
2019	NA	0.0
2020	NA	0.0
2021	NA	0.0
2022	NA	0.0
