year	v2rel	total
2003	NA	0.0
2004	NA	0.0
2005	NA	0.0
2006	NA	0.0
2007	0.5	4.0
2008	0.8777777777777778	90.0
2009	0.95	20.0
2010	1.0	4.0
2011	1.0	18.0
2012	0.9775280898876404	89.0
2013	NA	0.0
2014	NA	0.0
2015	NA	0.0
2016	NA	0.0
2017	NA	0.0
2018	NA	0.0
2019	NA	0.0
2020	NA	0.0
2021	NA	0.0
2022	NA	0.0
