year	v2rel	total
2003	NA	0.0
2004	NA	0.0
2005	NA	0.0
2006	NA	0.0
2007	0.7419354838709677	31.0
2008	0.696969696969697	33.0
2009	NA	0.0
2010	NA	0.0
2011	NA	0.0
2012	0.696969696969697	33.0
2013	0.6833333333333333	60.0
2014	0.875	8.0
2015	0.75	12.0
2016	NA	0.0
2017	NA	0.0
2018	NA	0.0
2019	NA	0.0
2020	NA	0.0
2021	NA	0.0
2022	NA	0.0
