year	v2rel	total
2003	NA	0.0
2004	NA	0.0
2005	NA	0.0
2006	NA	0.0
2007	0.39473684210526316	38.0
2008	0.4827586206896552	29.0
2009	0.5666666666666667	120.0
2010	0.6062176165803109	193.0
2011	0.7704918032786885	61.0
2012	0.5789473684210527	19.0
2013	0.868421052631579	38.0
2014	NA	0.0
2015	NA	0.0
2016	NA	0.0
2017	NA	0.0
2018	NA	0.0
2019	NA	0.0
2020	NA	0.0
2021	NA	0.0
2022	NA	0.0
