year	v2rel	total
2003	NA	0.0
2004	0.5	6.0
2005	0.2857142857142857	7.0
2006	NA	0.0
2007	NA	0.0
2008	NA	0.0
2009	0.5901639344262295	61.0
2010	0.5223880597014925	67.0
2011	0.5384615384615384	78.0
2012	0.5714285714285714	35.0
2013	0.7142857142857143	7.0
2014	NA	0.0
2015	NA	0.0
2016	NA	0.0
2017	NA	0.0
2018	NA	0.0
2019	NA	0.0
2020	NA	0.0
2021	NA	0.0
2022	NA	0.0
