year	v2rel	total
2003	NA	0.0
2004	NA	0.0
2005	NA	0.0
2006	NA	0.0
2007	0.9230769230769231	65.0
2008	0.8888888888888888	27.0
2009	NA	0.0
2010	0.8775510204081632	49.0
2011	0.92	25.0
2012	1.0	8.0
2013	1.0	18.0
2014	NA	0.0
2015	NA	0.0
2016	NA	0.0
2017	NA	0.0
2018	NA	0.0
2019	NA	0.0
2020	NA	0.0
2021	NA	0.0
2022	NA	0.0
