year	v2rel	total
2003	NA	0.0
2004	NA	0.0
2005	NA	0.0
2006	NA	0.0
2007	NA	0.0
2008	NA	0.0
2009	0.9032258064516129	31.0
2010	0.9764705882352941	85.0
2011	1.0	22.0
2012	1.0	28.0
2013	NA	0.0
2014	NA	0.0
2015	NA	0.0
2016	NA	0.0
2017	NA	0.0
2018	NA	0.0
2019	NA	0.0
2020	NA	0.0
2021	NA	0.0
2022	NA	0.0
