year	v2rel	total
2003	NA	0.0
2004	NA	0.0
2005	NA	0.0
2006	NA	0.0
2007	NA	0.0
2008	0.9344262295081968	61.0
2009	1.0	38.0
2010	0.8064516129032258	31.0
2011	0.8666666666666667	15.0
2012	0.9696969696969697	33.0
2013	0.8181818181818182	11.0
2014	0.8	5.0
2015	NA	0.0
2016	NA	0.0
2017	NA	0.0
2018	NA	0.0
2019	NA	0.0
2020	NA	0.0
2021	NA	0.0
2022	NA	0.0
