year	v2rel	total
2003	NA	0.0
2004	NA	0.0
2005	NA	0.0
2006	NA	0.0
2007	NA	0.0
2008	NA	0.0
2009	1.0	8.0
2010	0.8947368421052632	38.0
2011	0.8333333333333334	12.0
2012	1.0	20.0
2013	1.0	11.0
2014	1.0	4.0
2015	NA	0.0
2016	NA	0.0
2017	NA	0.0
2018	NA	0.0
2019	NA	0.0
2020	NA	0.0
2021	NA	0.0
2022	NA	0.0
