year	v2rel	total
2003	NA	0.0
2004	NA	0.0
2005	NA	0.0
2006	NA	0.0
2007	NA	0.0
2008	0.6470588235294118	17.0
2009	0.7948717948717948	78.0
2010	0.9814814814814815	54.0
2011	0.9230769230769231	13.0
2012	0.875	8.0
2013	1.0	7.0
2014	1.0	5.0
2015	NA	0.0
2016	NA	0.0
2017	NA	0.0
2018	NA	0.0
2019	NA	0.0
2020	NA	0.0
2021	NA	0.0
2022	NA	0.0
