year	v2rel	total
2003	NA	0.0
2004	NA	0.0
2005	NA	0.0
2006	NA	0.0
2007	NA	0.0
2008	NA	0.0
2009	0.2962962962962963	81.0
2010	0.0	7.0
2011	NA	0.0
2012	0.6363636363636364	11.0
2013	0.2962962962962963	27.0
2014	0.3125	16.0
2015	NA	0.0
2016	NA	0.0
2017	NA	0.0
2018	NA	0.0
2019	NA	0.0
2020	NA	0.0
2021	NA	0.0
2022	NA	0.0
