year	v2rel	total
2003	NA	0.0
2004	NA	0.0
2005	NA	0.0
2006	NA	0.0
2007	0.5555555555555556	9.0
2008	0.6666666666666666	60.0
2009	0.5185185185185185	27.0
2010	0.5833333333333334	36.0
2011	0.5862068965517241	29.0
2012	0.5	36.0
2013	0.375	8.0
2014	NA	0.0
2015	NA	0.0
2016	NA	0.0
2017	NA	0.0
2018	NA	0.0
2019	NA	0.0
2020	NA	0.0
2021	NA	0.0
2022	NA	0.0
