year	v2rel	total
2003	NA	0.0
2004	NA	0.0
2005	0.2222222222222222	9.0
2006	0.1724137931034483	29.0
2007	0.14285714285714285	7.0
2008	0.1875	16.0
2009	0.0	6.0
2010	0.0	4.0
2011	0.0	6.0
2012	NA	0.0
2013	NA	0.0
2014	NA	0.0
2015	NA	0.0
2016	NA	0.0
2017	NA	0.0
2018	NA	0.0
2019	NA	0.0
2020	NA	0.0
2021	NA	0.0
2022	NA	0.0
