year	v2rel	total
2003	NA	0.0
2004	NA	0.0
2005	NA	0.0
2006	NA	0.0
2007	NA	0.0
2008	NA	0.0
2009	NA	0.0
2010	0.5454545454545454	11.0
2011	0.9285714285714286	28.0
2012	0.6666666666666666	9.0
2013	1.0	5.0
2014	1.0	7.0
2015	NA	0.0
2016	NA	0.0
2017	NA	0.0
2018	NA	0.0
2019	NA	0.0
2020	NA	0.0
2021	NA	0.0
2022	NA	0.0
