year	v2rel	total
2003	NA	0.0
2004	NA	0.0
2005	0.5	4.0
2006	0.6296296296296297	27.0
2007	0.6111111111111112	18.0
2008	0.6666666666666666	6.0
2009	NA	0.0
2010	NA	0.0
2011	0.6	5.0
2012	0.6666666666666666	9.0
2013	1.0	11.0
2014	1.0	6.0
2015	NA	0.0
2016	NA	0.0
2017	NA	0.0
2018	NA	0.0
2019	NA	0.0
2020	NA	0.0
2021	NA	0.0
2022	NA	0.0
