year	v2rel	total
2003	NA	0.0
2004	NA	0.0
2005	NA	0.0
2006	NA	0.0
2007	NA	0.0
2008	NA	0.0
2009	NA	0.0
2010	NA	0.0
2011	0.42857142857142855	7.0
2012	0.625	8.0
2013	0.8	20.0
2014	0.7777777777777778	9.0
2015	0.8571428571428571	7.0
2016	NA	0.0
2017	1.0	4.0
2018	1.0	4.0
2019	NA	0.0
2020	NA	0.0
2021	NA	0.0
2022	NA	0.0
