year	v2rel	total
2003	NA	0.0
2004	0.8	10.0
2005	0.8	15.0
2006	0.7727272727272727	22.0
2007	0.46153846153846156	13.0
2008	0.2857142857142857	7.0
2009	0.8333333333333334	12.0
2010	0.7678571428571429	56.0
2011	0.7959183673469388	49.0
2012	NA	0.0
2013	NA	0.0
2014	NA	0.0
2015	NA	0.0
2016	NA	0.0
2017	NA	0.0
2018	NA	0.0
2019	NA	0.0
2020	NA	0.0
2021	NA	0.0
2022	NA	0.0
