year	v2rel	total
2003	NA	0.0
2004	NA	0.0
2005	NA	0.0
2006	NA	0.0
2007	0.7619047619047619	126.0
2008	0.9642857142857143	56.0
2009	1.0	68.0
2010	0.95	20.0
2011	0.9885057471264368	87.0
2012	1.0	8.0
2013	NA	0.0
2014	NA	0.0
2015	NA	0.0
2016	NA	0.0
2017	NA	0.0
2018	NA	0.0
2019	NA	0.0
2020	NA	0.0
2021	NA	0.0
2022	NA	0.0
