year	v2rel	total
2003	NA	0.0
2004	NA	0.0
2005	NA	0.0
2006	NA	0.0
2007	NA	0.0
2008	0.029411764705882353	34.0
2009	0.021739130434782608	138.0
2010	0.02857142857142857	140.0
2011	0.01694915254237288	177.0
2012	0.02631578947368421	38.0
2013	0.9152542372881356	59.0
2014	0.88	50.0
2015	0.8157894736842105	38.0
2016	NA	0.0
2017	NA	0.0
2018	NA	0.0
2019	NA	0.0
2020	NA	0.0
2021	NA	0.0
2022	NA	0.0
