year	v2rel	total
2003	NA	0.0
2004	0.24489795918367346	49.0
2005	0.3333333333333333	45.0
2006	0.28	25.0
2007	0.43478260869565216	23.0
2008	0.6785714285714286	84.0
2009	0.8695652173913043	23.0
2010	NA	0.0
2011	NA	0.0
2012	NA	0.0
2013	NA	0.0
2014	NA	0.0
2015	NA	0.0
2016	NA	0.0
2017	NA	0.0
2018	NA	0.0
2019	NA	0.0
2020	NA	0.0
2021	NA	0.0
2022	NA	0.0
