year	v2rel	total
2003	NA	0.0
2004	NA	0.0
2005	NA	0.0
2006	0.25806451612903225	93.0
2007	0.2047244094488189	127.0
2008	0.0	14.0
2009	0.37894736842105264	95.0
2010	0.3333333333333333	18.0
2011	0.7142857142857143	7.0
2012	NA	0.0
2013	NA	0.0
2014	NA	0.0
2015	NA	0.0
2016	NA	0.0
2017	NA	0.0
2018	NA	0.0
2019	NA	0.0
2020	NA	0.0
2021	NA	0.0
2022	NA	0.0
