year	v2rel	total
2003	NA	0.0
2004	NA	0.0
2005	0.3333333333333333	27.0
2006	0.36904761904761907	84.0
2007	0.6486486486486487	37.0
2008	0.4444444444444444	9.0
2009	NA	0.0
2010	NA	0.0
2011	NA	0.0
2012	NA	0.0
2013	NA	0.0
2014	NA	0.0
2015	NA	0.0
2016	NA	0.0
2017	NA	0.0
2018	NA	0.0
2019	NA	0.0
2020	NA	0.0
2021	NA	0.0
2022	NA	0.0
