year	v2rel	total
2003	NA	0.0
2004	0.06060606060606061	33.0
2005	0.0	5.0
2006	NA	0.0
2007	NA	0.0
2008	0.6363636363636364	11.0
2009	0.4	5.0
2010	NA	0.0
2011	NA	0.0
2012	NA	0.0
2013	NA	0.0
2014	NA	0.0
2015	NA	0.0
2016	NA	0.0
2017	NA	0.0
2018	NA	0.0
2019	NA	0.0
2020	NA	0.0
2021	NA	0.0
2022	NA	0.0
