year	v2rel	total
2003	NA	0.0
2004	NA	0.0
2005	NA	0.0
2006	NA	0.0
2007	1.0	16.0
2008	0.9655172413793104	29.0
2009	1.0	39.0
2010	1.0	13.0
2011	0.9761904761904762	42.0
2012	0.8888888888888888	27.0
2013	NA	0.0
2014	NA	0.0
2015	NA	0.0
2016	NA	0.0
2017	NA	0.0
2018	NA	0.0
2019	NA	0.0
2020	NA	0.0
2021	NA	0.0
2022	NA	0.0
