year	v2rel	total
2003	NA	0.0
2004	NA	0.0
2005	NA	0.0
2006	0.9545454545454546	22.0
2007	1.0	14.0
2008	0.9375	16.0
2009	NA	0.0
2010	NA	0.0
2011	0.75	4.0
2012	0.9393939393939394	33.0
2013	1.0	20.0
2014	NA	0.0
2015	NA	0.0
2016	NA	0.0
2017	NA	0.0
2018	NA	0.0
2019	NA	0.0
2020	NA	0.0
2021	NA	0.0
2022	NA	0.0
