year	v2rel	total
2003	NA	0.0
2004	NA	0.0
2005	0.8571428571428571	7.0
2006	0.6410256410256411	39.0
2007	0.6206896551724138	29.0
2008	0.8125	16.0
2009	0.8611111111111112	36.0
2010	1.0	6.0
2011	NA	0.0
2012	0.75	4.0
2013	NA	0.0
2014	NA	0.0
2015	NA	0.0
2016	NA	0.0
2017	NA	0.0
2018	NA	0.0
2019	NA	0.0
2020	NA	0.0
2021	NA	0.0
2022	NA	0.0
