year	v2rel	total
2003	NA	0.0
2004	NA	0.0
2005	NA	0.0
2006	0.2	20.0
2007	0.14473684210526316	76.0
2008	0.0	8.0
2009	0.5555555555555556	9.0
2010	0.11764705882352941	17.0
2011	0.4666666666666667	15.0
2012	NA	0.0
2013	NA	0.0
2014	NA	0.0
2015	NA	0.0
2016	NA	0.0
2017	NA	0.0
2018	NA	0.0
2019	NA	0.0
2020	NA	0.0
2021	NA	0.0
2022	NA	0.0
