year	v2rel	total
2003	NA	0.0
2004	NA	0.0
2005	NA	0.0
2006	NA	0.0
2007	0.037037037037037035	27.0
2008	0.043478260869565216	69.0
2009	0.2	50.0
2010	0.057692307692307696	52.0
2011	0.05555555555555555	36.0
2012	0.09375	32.0
2013	0.08333333333333333	12.0
2014	0.19047619047619047	21.0
2015	0.05	20.0
2016	0.2	5.0
2017	NA	0.0
2018	NA	0.0
2019	NA	0.0
2020	NA	0.0
2021	NA	0.0
2022	NA	0.0
