year	v2rel	total
2003	NA	0.0
2004	NA	0.0
2005	NA	0.0
2006	NA	0.0
2007	0.5454545454545454	11.0
2008	0.9393939393939394	132.0
2009	1.0	74.0
2010	0.9354838709677419	31.0
2011	0.9090909090909091	11.0
2012	NA	0.0
2013	NA	0.0
2014	1.0	5.0
2015	NA	0.0
2016	NA	0.0
2017	NA	0.0
2018	NA	0.0
2019	NA	0.0
2020	NA	0.0
2021	NA	0.0
2022	NA	0.0
