year	v2rel	total
2003	NA	0.0
2004	0.0	10.0
2005	0.05555555555555555	18.0
2006	0.11538461538461539	26.0
2007	0.16666666666666666	6.0
2008	0.14285714285714285	7.0
2009	0.36363636363636365	11.0
2010	NA	0.0
2011	NA	0.0
2012	0.16666666666666666	6.0
2013	NA	0.0
2014	NA	0.0
2015	NA	0.0
2016	NA	0.0
2017	NA	0.0
2018	NA	0.0
2019	NA	0.0
2020	NA	0.0
2021	NA	0.0
2022	NA	0.0
