year	v2rel	total
2003	NA	0.0
2004	NA	0.0
2005	0.8333333333333334	18.0
2006	0.9444444444444444	18.0
2007	1.0	8.0
2008	0.9	10.0
2009	1.0	4.0
2010	1.0	22.0
2011	1.0	10.0
2012	NA	0.0
2013	NA	0.0
2014	NA	0.0
2015	NA	0.0
2016	NA	0.0
2017	NA	0.0
2018	NA	0.0
2019	NA	0.0
2020	NA	0.0
2021	NA	0.0
2022	NA	0.0
