year	v2rel	total
2003	NA	0.0
2004	0.6521739130434783	23.0
2005	0.7272727272727273	11.0
2006	NA	0.0
2007	NA	0.0
2008	NA	0.0
2009	NA	0.0
2010	NA	0.0
2011	0.8421052631578947	19.0
2012	0.7857142857142857	14.0
2013	NA	0.0
2014	NA	0.0
2015	NA	0.0
2016	NA	0.0
2017	NA	0.0
2018	NA	0.0
2019	NA	0.0
2020	NA	0.0
2021	NA	0.0
2022	NA	0.0
