year	v2rel	total
2003	NA	0.0
2004	NA	0.0
2005	0.0	7.0
2006	0.058823529411764705	34.0
2007	0.04838709677419355	62.0
2008	0.044444444444444446	45.0
2009	0.05263157894736842	19.0
2010	0.0	6.0
2011	NA	0.0
2012	NA	0.0
2013	NA	0.0
2014	NA	0.0
2015	NA	0.0
2016	NA	0.0
2017	NA	0.0
2018	NA	0.0
2019	NA	0.0
2020	NA	0.0
2021	NA	0.0
2022	NA	0.0
