year	v2rel	total
2003	NA	0.0
2004	NA	0.0
2005	NA	0.0
2006	NA	0.0
2007	0.1282051282051282	117.0
2008	0.0410958904109589	73.0
2009	0.04938271604938271	81.0
2010	0.0	19.0
2011	0.0	4.0
2012	0.2	5.0
2013	NA	0.0
2014	NA	0.0
2015	NA	0.0
2016	NA	0.0
2017	NA	0.0
2018	NA	0.0
2019	NA	0.0
2020	NA	0.0
2021	NA	0.0
2022	NA	0.0
