year	v2rel	total
2003	NA	0.0
2004	0.07692307692307693	65.0
2005	0.16417910447761194	67.0
2006	0.25	12.0
2007	NA	0.0
2008	0.2857142857142857	7.0
2009	0.2	5.0
2010	0.8333333333333334	6.0
2011	NA	0.0
2012	0.4	5.0
2013	NA	0.0
2014	NA	0.0
2015	NA	0.0
2016	NA	0.0
2017	NA	0.0
2018	NA	0.0
2019	NA	0.0
2020	NA	0.0
2021	NA	0.0
2022	NA	0.0
