year	v2rel	total
2003	NA	0.0
2004	NA	0.0
2005	NA	0.0
2006	NA	0.0
2007	NA	0.0
2008	NA	0.0
2009	0.37209302325581395	43.0
2010	0.05454545454545454	55.0
2011	0.058823529411764705	51.0
2012	0.020833333333333332	48.0
2013	0.0	31.0
2014	0.0	7.0
2015	NA	0.0
2016	NA	0.0
2017	NA	0.0
2018	NA	0.0
2019	NA	0.0
2020	NA	0.0
2021	NA	0.0
2022	NA	0.0
