year	v2rel	total
2003	NA	0.0
2004	NA	0.0
2005	NA	0.0
2006	NA	0.0
2007	NA	0.0
2008	NA	0.0
2009	NA	0.0
2010	NA	0.0
2011	NA	0.0
2012	NA	0.0
2013	NA	0.0
2014	NA	0.0
2015	0.6210526315789474	95.0
2016	0.6111111111111112	18.0
2017	0.8235294117647058	17.0
2018	0.9166666666666666	12.0
2019	NA	0.0
2020	NA	0.0
2021	NA	0.0
2022	NA	0.0
