year	v2rel	total
2003	NA	0.0
2004	NA	0.0
2005	0.034482758620689655	29.0
2006	0.07352941176470588	68.0
2007	0.039473684210526314	76.0
2008	0.02702702702702703	37.0
2009	0.1111111111111111	9.0
2010	NA	0.0
2011	NA	0.0
2012	NA	0.0
2013	NA	0.0
2014	NA	0.0
2015	NA	0.0
2016	NA	0.0
2017	NA	0.0
2018	NA	0.0
2019	NA	0.0
2020	NA	0.0
2021	NA	0.0
2022	NA	0.0
