year	v2rel	total
2003	NA	0.0
2004	NA	0.0
2005	0.5277777777777778	36.0
2006	0.5450819672131147	244.0
2007	0.6622516556291391	151.0
2008	0.7156398104265402	211.0
2009	0.7777777777777778	81.0
2010	0.8461538461538461	13.0
2011	0.5	14.0
2012	0.6578947368421053	38.0
2013	NA	0.0
2014	NA	0.0
2015	NA	0.0
2016	NA	0.0
2017	NA	0.0
2018	NA	0.0
2019	NA	0.0
2020	NA	0.0
2021	NA	0.0
2022	NA	0.0
