year	v2rel	total
2003	NA	0.0
2004	NA	0.0
2005	0.4	5.0
2006	0.2777777777777778	18.0
2007	1.0	13.0
2008	0.6666666666666666	6.0
2009	0.4	10.0
2010	0.05555555555555555	18.0
2011	0.0	5.0
2012	NA	0.0
2013	NA	0.0
2014	NA	0.0
2015	NA	0.0
2016	NA	0.0
2017	NA	0.0
2018	NA	0.0
2019	NA	0.0
2020	NA	0.0
2021	NA	0.0
2022	NA	0.0
