year	v2rel	total
2003	NA	0.0
2004	NA	0.0
2005	NA	0.0
2006	NA	0.0
2007	NA	0.0
2008	NA	0.0
2009	NA	0.0
2010	NA	0.0
2011	NA	0.0
2012	0.5	12.0
2013	1.0	5.0
2014	0.3783783783783784	37.0
2015	0.5151515151515151	33.0
2016	0.14285714285714285	28.0
2017	0.6842105263157895	38.0
2018	0.7647058823529411	17.0
2019	0.8235294117647058	17.0
2020	NA	0.0
2021	NA	0.0
2022	NA	0.0
