year	v2rel	total
2003	NA	0.0
2004	NA	0.0
2005	NA	0.0
2006	0.8181818181818182	44.0
2007	0.9705882352941176	34.0
2008	0.6792452830188679	53.0
2009	0.5365853658536586	41.0
2010	0.26666666666666666	30.0
2011	0.2	5.0
2012	NA	0.0
2013	NA	0.0
2014	NA	0.0
2015	NA	0.0
2016	NA	0.0
2017	NA	0.0
2018	NA	0.0
2019	NA	0.0
2020	NA	0.0
2021	1.0	6.0
2022	NA	0.0
