year	v2rel	total
2003	NA	0.0
2004	NA	0.0
2005	0.0	12.0
2006	0.0	21.0
2007	0.0	5.0
2008	0.0	4.0
2009	0.5	60.0
2010	0.6818181818181818	44.0
2011	0.21875	64.0
2012	0.1111111111111111	27.0
2013	0.18181818181818182	11.0
2014	NA	0.0
2015	0.0	6.0
2016	NA	0.0
2017	0.0	4.0
2018	NA	0.0
2019	NA	0.0
2020	NA	0.0
2021	NA	0.0
2022	NA	0.0
