year	v2rel	total
2003	NA	0.0
2004	NA	0.0
2005	NA	0.0
2006	0.64	25.0
2007	0.5777777777777777	45.0
2008	0.6666666666666666	12.0
2009	0.6	5.0
2010	0.30434782608695654	23.0
2011	0.42424242424242425	33.0
2012	1.0	5.0
2013	NA	0.0
2014	NA	0.0
2015	NA	0.0
2016	NA	0.0
2017	NA	0.0
2018	NA	0.0
2019	NA	0.0
2020	NA	0.0
2021	NA	0.0
2022	NA	0.0
