year	v2rel	total
2003	NA	0.0
2004	0.42857142857142855	7.0
2005	0.7222222222222222	18.0
2006	0.9	10.0
2007	0.7391304347826086	46.0
2008	0.9375	128.0
2009	0.9242424242424242	66.0
2010	0.6111111111111112	36.0
2011	0.75	4.0
2012	1.0	5.0
2013	NA	0.0
2014	NA	0.0
2015	NA	0.0
2016	NA	0.0
2017	NA	0.0
2018	NA	0.0
2019	NA	0.0
2020	NA	0.0
2021	NA	0.0
2022	NA	0.0
