year	v2rel	total
2003	NA	0.0
2004	NA	0.0
2005	NA	0.0
2006	NA	0.0
2007	NA	0.0
2008	NA	0.0
2009	NA	0.0
2010	0.021739130434782608	46.0
2011	0.0	18.0
2012	0.0	4.0
2013	NA	0.0
2014	0.07142857142857142	28.0
2015	0.018867924528301886	53.0
2016	0.09090909090909091	11.0
2017	0.0	10.0
2018	NA	0.0
2019	NA	0.0
2020	NA	0.0
2021	NA	0.0
2022	NA	0.0
