year	v2rel	total
2003	NA	0.0
2004	0.0	12.0
2005	0.04	25.0
2006	0.27906976744186046	43.0
2007	0.09090909090909091	55.0
2008	0.38461538461538464	13.0
2009	NA	0.0
2010	NA	0.0
2011	NA	0.0
2012	NA	0.0
2013	NA	0.0
2014	NA	0.0
2015	NA	0.0
2016	NA	0.0
2017	NA	0.0
2018	NA	0.0
2019	NA	0.0
2020	NA	0.0
2021	NA	0.0
2022	NA	0.0
