year	v2rel	total
2003	NA	0.0
2004	NA	0.0
2005	0.5454545454545454	11.0
2006	0.5172413793103449	29.0
2007	0.48148148148148145	27.0
2008	0.625	16.0
2009	0.6153846153846154	13.0
2010	0.7222222222222222	18.0
2011	0.9259259259259259	27.0
2012	0.7647058823529411	17.0
2013	1.0	7.0
2014	NA	0.0
2015	NA	0.0
2016	NA	0.0
2017	NA	0.0
2018	NA	0.0
2019	NA	0.0
2020	NA	0.0
2021	NA	0.0
2022	NA	0.0
