year	v2rel	total
2003	NA	0.0
2004	NA	0.0
2005	NA	0.0
2006	0.0	14.0
2007	0.08064516129032258	62.0
2008	0.0	4.0
2009	NA	0.0
2010	0.3	10.0
2011	0.3333333333333333	6.0
2012	0.75	4.0
2013	0.14285714285714285	7.0
2014	NA	0.0
2015	NA	0.0
2016	NA	0.0
2017	NA	0.0
2018	NA	0.0
2019	NA	0.0
2020	NA	0.0
2021	NA	0.0
2022	NA	0.0
