year	v2rel	total
2003	NA	0.0
2004	0.061224489795918366	49.0
2005	0.1487603305785124	121.0
2006	0.24324324324324326	37.0
2007	0.35	20.0
2008	NA	0.0
2009	NA	0.0
2010	NA	0.0
2011	NA	0.0
2012	NA	0.0
2013	NA	0.0
2014	NA	0.0
2015	NA	0.0
2016	NA	0.0
2017	1.0	12.0
2018	NA	0.0
2019	NA	0.0
2020	NA	0.0
2021	NA	0.0
2022	NA	0.0
