year	v2rel	total
2003	NA	0.0
2004	NA	0.0
2005	NA	0.0
2006	0.375	8.0
2007	0.5714285714285714	7.0
2008	0.5384615384615384	13.0
2009	0.7573529411764706	136.0
2010	0.6923076923076923	13.0
2011	0.4	5.0
2012	NA	0.0
2013	NA	0.0
2014	NA	0.0
2015	NA	0.0
2016	NA	0.0
2017	NA	0.0
2018	NA	0.0
2019	NA	0.0
2020	NA	0.0
2021	NA	0.0
2022	NA	0.0
