year	v2rel	total
2003	NA	0.0
2004	0.07692307692307693	13.0
2005	0.0	6.0
2006	0.047619047619047616	21.0
2007	NA	0.0
2008	0.08333333333333333	12.0
2009	0.07142857142857142	14.0
2010	0.07142857142857142	14.0
2011	0.16666666666666666	6.0
2012	NA	0.0
2013	NA	0.0
2014	NA	0.0
2015	NA	0.0
2016	NA	0.0
2017	NA	0.0
2018	NA	0.0
2019	NA	0.0
2020	NA	0.0
2021	NA	0.0
2022	NA	0.0
