year	v2rel	total
2003	NA	0.0
2004	0.0	4.0
2005	0.0	9.0
2006	0.0	4.0
2007	0.14285714285714285	7.0
2008	0.07142857142857142	14.0
2009	0.16666666666666666	6.0
2010	NA	0.0
2011	NA	0.0
2012	NA	0.0
2013	0.0	11.0
2014	0.0	10.0
2015	NA	0.0
2016	NA	0.0
2017	NA	0.0
2018	NA	0.0
2019	NA	0.0
2020	NA	0.0
2021	NA	0.0
2022	NA	0.0
