year	v2rel	total
2003	NA	0.0
2004	NA	0.0
2005	0.2	5.0
2006	0.08333333333333333	12.0
2007	NA	0.0
2008	NA	0.0
2009	NA	0.0
2010	NA	0.0
2011	0.09090909090909091	11.0
2012	0.1111111111111111	9.0
2013	0.25	4.0
2014	NA	0.0
2015	NA	0.0
2016	NA	0.0
2017	NA	0.0
2018	NA	0.0
2019	NA	0.0
2020	NA	0.0
2021	NA	0.0
2022	NA	0.0
