year	v2rel	total
2003	NA	0.0
2004	NA	0.0
2005	0.9166666666666666	36.0
2006	1.0	121.0
2007	0.7777777777777778	18.0
2008	NA	0.0
2009	0.8695652173913043	23.0
2010	0.9692307692307692	65.0
2011	1.0	22.0
2012	NA	0.0
2013	NA	0.0
2014	NA	0.0
2015	NA	0.0
2016	NA	0.0
2017	NA	0.0
2018	NA	0.0
2019	NA	0.0
2020	NA	0.0
2021	NA	0.0
2022	NA	0.0
