year	v2rel	total
2003	NA	0.0
2004	NA	0.0
2005	0.0	13.0
2006	0.0	54.0
2007	0.05405405405405406	37.0
2008	0.0	13.0
2009	0.0625	16.0
2010	0.03571428571428571	28.0
2011	NA	0.0
2012	0.0	4.0
2013	NA	0.0
2014	NA	0.0
2015	NA	0.0
2016	NA	0.0
2017	NA	0.0
2018	NA	0.0
2019	NA	0.0
2020	NA	0.0
2021	NA	0.0
2022	NA	0.0
