year	v2rel	total
2003	NA	0.0
2004	0.0	15.0
2005	0.0	17.0
2006	0.05263157894736842	38.0
2007	0.10869565217391304	46.0
2008	0.21428571428571427	14.0
2009	0.36363636363636365	11.0
2010	0.2222222222222222	9.0
2011	NA	0.0
2012	NA	0.0
2013	NA	0.0
2014	NA	0.0
2015	NA	0.0
2016	NA	0.0
2017	NA	0.0
2018	NA	0.0
2019	NA	0.0
2020	NA	0.0
2021	NA	0.0
2022	NA	0.0
