year	v2rel	total
2003	NA	0.0
2004	NA	0.0
2005	NA	0.0
2006	NA	0.0
2007	NA	0.0
2008	0.2727272727272727	11.0
2009	0.38461538461538464	26.0
2010	0.24324324324324326	37.0
2011	0.11538461538461539	52.0
2012	0.25	20.0
2013	0.2857142857142857	14.0
2014	0.16666666666666666	12.0
2015	NA	0.0
2016	NA	0.0
2017	NA	0.0
2018	NA	0.0
2019	NA	0.0
2020	NA	0.0
2021	NA	0.0
2022	NA	0.0
