year	v2rel	total
2003	NA	0.0
2004	0.0	6.0
2005	0.375	16.0
2006	0.16666666666666666	12.0
2007	0.6666666666666666	6.0
2008	NA	0.0
2009	NA	0.0
2010	NA	0.0
2011	NA	0.0
2012	0.0	13.0
2013	0.4117647058823529	17.0
2014	NA	0.0
2015	NA	0.0
2016	NA	0.0
2017	NA	0.0
2018	NA	0.0
2019	NA	0.0
2020	NA	0.0
2021	NA	0.0
2022	NA	0.0
