year	v2rel	total
2003	NA	0.0
2004	NA	0.0
2005	NA	0.0
2006	0.25	4.0
2007	NA	0.0
2008	0.875	16.0
2009	0.85	20.0
2010	0.6363636363636364	11.0
2011	0.6666666666666666	6.0
2012	0.6666666666666666	6.0
2013	NA	0.0
2014	NA	0.0
2015	NA	0.0
2016	NA	0.0
2017	0.8571428571428571	7.0
2018	NA	0.0
2019	NA	0.0
2020	NA	0.0
2021	NA	0.0
2022	NA	0.0
