year	v2rel	total
2003	NA	0.0
2004	NA	0.0
2005	0.041666666666666664	24.0
2006	0.16666666666666666	12.0
2007	0.06666666666666667	15.0
2008	0.14285714285714285	7.0
2009	0.0	8.0
2010	NA	0.0
2011	NA	0.0
2012	NA	0.0
2013	NA	0.0
2014	NA	0.0
2015	NA	0.0
2016	NA	0.0
2017	NA	0.0
2018	NA	0.0
2019	NA	0.0
2020	NA	0.0
2021	NA	0.0
2022	NA	0.0
