year	v2rel	total
2003	NA	0.0
2004	NA	0.0
2005	NA	0.0
2006	NA	0.0
2007	0.0	7.0
2008	0.726027397260274	73.0
2009	0.6595744680851063	47.0
2010	0.375	48.0
2011	0.6153846153846154	26.0
2012	0.28	50.0
2013	0.4	35.0
2014	0.2857142857142857	7.0
2015	NA	0.0
2016	NA	0.0
2017	NA	0.0
2018	NA	0.0
2019	NA	0.0
2020	NA	0.0
2021	NA	0.0
2022	NA	0.0
