year	v2rel	total
2003	NA	0.0
2004	NA	0.0
2005	NA	0.0
2006	NA	0.0
2007	0.9024390243902439	41.0
2008	0.4	5.0
2009	0.8857142857142857	35.0
2010	0.6153846153846154	13.0
2011	1.0	8.0
2012	1.0	15.0
2013	NA	0.0
2014	1.0	9.0
2015	NA	0.0
2016	NA	0.0
2017	NA	0.0
2018	NA	0.0
2019	NA	0.0
2020	NA	0.0
2021	NA	0.0
2022	NA	0.0
