year	v2rel	total
2003	NA	0.0
2004	NA	0.0
2005	NA	0.0
2006	0.20930232558139536	43.0
2007	0.31645569620253167	79.0
2008	0.25	32.0
2009	0.23684210526315788	38.0
2010	0.09090909090909091	11.0
2011	0.375	8.0
2012	NA	0.0
2013	NA	0.0
2014	NA	0.0
2015	NA	0.0
2016	NA	0.0
2017	NA	0.0
2018	NA	0.0
2019	NA	0.0
2020	NA	0.0
2021	NA	0.0
2022	NA	0.0
