year	v2rel	total
2003	NA	0.0
2004	NA	0.0
2005	NA	0.0
2006	NA	0.0
2007	NA	0.0
2008	NA	0.0
2009	NA	0.0
2010	NA	0.0
2011	NA	0.0
2012	0.8125	16.0
2013	0.85	20.0
2014	0.9074074074074074	54.0
2015	0.9459459459459459	37.0
2016	1.0	6.0
2017	NA	0.0
2018	NA	0.0
2019	NA	0.0
2020	NA	0.0
2021	NA	0.0
2022	NA	0.0
