year	v2rel	total
2003	NA	0.0
2004	NA	0.0
2005	NA	0.0
2006	NA	0.0
2007	1.0	6.0
2008	0.75	4.0
2009	NA	0.0
2010	1.0	12.0
2011	0.9130434782608695	23.0
2012	0.9411764705882353	17.0
2013	1.0	7.0
2014	1.0	6.0
2015	NA	0.0
2016	NA	0.0
2017	NA	0.0
2018	NA	0.0
2019	NA	0.0
2020	NA	0.0
2021	NA	0.0
2022	NA	0.0
