year	v2rel	total
2003	NA	0.0
2004	NA	0.0
2005	NA	0.0
2006	NA	0.0
2007	NA	0.0
2008	NA	0.0
2009	NA	0.0
2010	1.0	46.0
2011	0.9767441860465116	86.0
2012	NA	0.0
2013	NA	0.0
2014	1.0	7.0
2015	1.0	24.0
2016	0.9696969696969697	33.0
2017	NA	0.0
2018	NA	0.0
2019	NA	0.0
2020	NA	0.0
2021	NA	0.0
2022	NA	0.0
