year	v2rel	total
2003	NA	0.0
2004	NA	0.0
2005	NA	0.0
2006	1.0	6.0
2007	0.9166666666666666	12.0
2008	1.0	23.0
2009	0.85	20.0
2010	0.9375	32.0
2011	0.8571428571428571	7.0
2012	1.0	8.0
2013	NA	0.0
2014	NA	0.0
2015	NA	0.0
2016	NA	0.0
2017	NA	0.0
2018	NA	0.0
2019	NA	0.0
2020	NA	0.0
2021	NA	0.0
2022	NA	0.0
