year	v2rel	total
2003	NA	0.0
2004	NA	0.0
2005	NA	0.0
2006	NA	0.0
2007	0.8695652173913043	23.0
2008	0.8947368421052632	19.0
2009	0.8064516129032258	31.0
2010	1.0	28.0
2011	0.875	8.0
2012	0.8823529411764706	17.0
2013	NA	0.0
2014	NA	0.0
2015	NA	0.0
2016	NA	0.0
2017	NA	0.0
2018	NA	0.0
2019	NA	0.0
2020	NA	0.0
2021	NA	0.0
2022	NA	0.0
