year	v2rel	total
2003	NA	0.0
2004	NA	0.0
2005	NA	0.0
2006	NA	0.0
2007	NA	0.0
2008	0.15	20.0
2009	0.6875	16.0
2010	NA	0.0
2011	NA	0.0
2012	0.6842105263157895	19.0
2013	0.43333333333333335	30.0
2014	0.21739130434782608	23.0
2015	0.5	8.0
2016	NA	0.0
2017	NA	0.0
2018	NA	0.0
2019	NA	0.0
2020	NA	0.0
2021	NA	0.0
2022	NA	0.0
