year	v2rel	total
2003	NA	0.0
2004	NA	0.0
2005	NA	0.0
2006	NA	0.0
2007	NA	0.0
2008	NA	0.0
2009	0.9	20.0
2010	0.9264705882352942	68.0
2011	0.9693877551020408	98.0
2012	0.9782608695652174	46.0
2013	0.967741935483871	62.0
2014	0.8823529411764706	17.0
2015	NA	0.0
2016	NA	0.0
2017	NA	0.0
2018	NA	0.0
2019	NA	0.0
2020	NA	0.0
2021	NA	0.0
2022	NA	0.0
