year	v2rel	total
2003	NA	0.0
2004	1.0	8.0
2005	0.47058823529411764	17.0
2006	0.14285714285714285	21.0
2007	0.15384615384615385	13.0
2008	0.2222222222222222	18.0
2009	0.38461538461538464	13.0
2010	0.6	5.0
2011	NA	0.0
2012	NA	0.0
2013	NA	0.0
2014	NA	0.0
2015	NA	0.0
2016	NA	0.0
2017	NA	0.0
2018	NA	0.0
2019	NA	0.0
2020	NA	0.0
2021	NA	0.0
2022	NA	0.0
