year	v2rel	total
2003	NA	0.0
2004	NA	0.0
2005	0.023255813953488372	43.0
2006	0.01904761904761905	105.0
2007	0.016129032258064516	62.0
2008	NA	0.0
2009	NA	0.0
2010	NA	0.0
2011	NA	0.0
2012	NA	0.0
2013	NA	0.0
2014	NA	0.0
2015	NA	0.0
2016	0.8888888888888888	9.0
2017	NA	0.0
2018	NA	0.0
2019	NA	0.0
2020	NA	0.0
2021	NA	0.0
2022	NA	0.0
