year	v2rel	total
2003	NA	0.0
2004	NA	0.0
2005	NA	0.0
2006	0.8	5.0
2007	0.8596491228070176	57.0
2008	0.8823529411764706	68.0
2009	0.8421052631578947	19.0
2010	0.8095238095238095	21.0
2011	0.8571428571428571	7.0
2012	NA	0.0
2013	NA	0.0
2014	NA	0.0
2015	NA	0.0
2016	NA	0.0
2017	NA	0.0
2018	NA	0.0
2019	NA	0.0
2020	NA	0.0
2021	NA	0.0
2022	NA	0.0
