year	v2rel	total
2003	NA	0.0
2004	NA	0.0
2005	NA	0.0
2006	NA	0.0
2007	NA	0.0
2008	NA	0.0
2009	0.5905172413793104	232.0
2010	0.7321428571428571	280.0
2011	0.7207446808510638	376.0
2012	0.6666666666666666	321.0
2013	NA	0.0
2014	0.631578947368421	57.0
2015	0.5185185185185185	108.0
2016	0.25	4.0
2017	NA	0.0
2018	NA	0.0
2019	NA	0.0
2020	NA	0.0
2021	NA	0.0
2022	NA	0.0
