year	v2rel	total
2003	NA	0.0
2004	NA	0.0
2005	NA	0.0
2006	NA	0.0
2007	NA	0.0
2008	NA	0.0
2009	NA	0.0
2010	1.0	9.0
2011	0.9310344827586207	29.0
2012	1.0	6.0
2013	NA	0.0
2014	0.6	5.0
2015	NA	0.0
2016	0.9354838709677419	31.0
2017	0.9411764705882353	17.0
2018	1.0	7.0
2019	1.0	15.0
2020	1.0	18.0
2021	1.0	13.0
2022	NA	0.0
