year	v2rel	total
2003	1.0	9.0
2004	0.987012987012987	77.0
2005	1.0	37.0
2006	1.0	76.0
2007	1.0	27.0
2008	0.75	8.0
2009	1.0	19.0
2010	0.9736842105263158	38.0
2011	1.0	4.0
2012	NA	0.0
2013	NA	0.0
2014	NA	0.0
2015	NA	0.0
2016	NA	0.0
2017	NA	0.0
2018	NA	0.0
2019	NA	0.0
2020	NA	0.0
2021	NA	0.0
2022	NA	0.0
