year	v2rel	total
2003	NA	0.0
2004	NA	0.0
2005	0.9411764705882353	51.0
2006	0.9647058823529412	85.0
2007	1.0	17.0
2008	0.96	25.0
2009	0.9891304347826086	92.0
2010	0.9772727272727273	44.0
2011	0.967741935483871	93.0
2012	1.0	6.0
2013	NA	0.0
2014	1.0	4.0
2015	NA	0.0
2016	NA	0.0
2017	NA	0.0
2018	NA	0.0
2019	NA	0.0
2020	NA	0.0
2021	NA	0.0
2022	NA	0.0
