year	v2rel	total
2003	NA	0.0
2004	0.9310344827586207	116.0
2005	0.9540636042402827	283.0
2006	0.9018087855297158	387.0
2007	0.8985507246376812	69.0
2008	0.8796992481203008	133.0
2009	0.8690476190476191	84.0
2010	0.9130434782608695	23.0
2011	0.8958333333333334	48.0
2012	0.9010989010989011	91.0
2013	0.9512195121951219	41.0
2014	1.0	8.0
2015	NA	0.0
2016	NA	0.0
2017	NA	0.0
2018	NA	0.0
2019	NA	0.0
2020	NA	0.0
2021	NA	0.0
2022	NA	0.0
