year	v2rel	total
2003	NA	0.0
2004	NA	0.0
2005	NA	0.0
2006	NA	0.0
2007	0.6666666666666666	12.0
2008	0.8061224489795918	98.0
2009	0.48148148148148145	54.0
2010	0.8055555555555556	36.0
2011	0.5283018867924528	53.0
2012	1.0	6.0
2013	NA	0.0
2014	NA	0.0
2015	NA	0.0
2016	NA	0.0
2017	NA	0.0
2018	NA	0.0
2019	NA	0.0
2020	NA	0.0
2021	NA	0.0
2022	NA	0.0
