year	v2rel	total
2003	NA	0.0
2004	0.3157894736842105	38.0
2005	0.06060606060606061	66.0
2006	0.0	72.0
2007	0.0	37.0
2008	0.09302325581395349	43.0
2009	0.1	20.0
2010	0.0	8.0
2011	0.0	8.0
2012	NA	0.0
2013	NA	0.0
2014	NA	0.0
2015	NA	0.0
2016	NA	0.0
2017	NA	0.0
2018	NA	0.0
2019	NA	0.0
2020	NA	0.0
2021	NA	0.0
2022	NA	0.0
