year	v2rel	total
2003	NA	0.0
2004	0.7777777777777778	9.0
2005	0.8333333333333334	24.0
2006	0.8857142857142857	35.0
2007	0.6363636363636364	22.0
2008	0.625	16.0
2009	0.6666666666666666	15.0
2010	NA	0.0
2011	1.0	10.0
2012	NA	0.0
2013	NA	0.0
2014	NA	0.0
2015	NA	0.0
2016	NA	0.0
2017	NA	0.0
2018	NA	0.0
2019	NA	0.0
2020	NA	0.0
2021	NA	0.0
2022	NA	0.0
