year	v2rel	total
2003	NA	0.0
2004	0.0	5.0
2005	0.8596491228070176	57.0
2006	0.875	56.0
2007	0.9333333333333333	30.0
2008	0.8695652173913043	23.0
2009	1.0	19.0
2010	NA	0.0
2011	NA	0.0
2012	NA	0.0
2013	NA	0.0
2014	NA	0.0
2015	NA	0.0
2016	NA	0.0
2017	NA	0.0
2018	NA	0.0
2019	NA	0.0
2020	NA	0.0
2021	NA	0.0
2022	NA	0.0
