year	v2rel	total
2003	NA	0.0
2004	0.4883720930232558	43.0
2005	0.6153846153846154	26.0
2006	0.625	72.0
2007	0.3181818181818182	22.0
2008	0.25	4.0
2009	0.8	10.0
2010	0.6382978723404256	47.0
2011	0.5789473684210527	38.0
2012	0.5714285714285714	21.0
2013	NA	0.0
2014	NA	0.0
2015	NA	0.0
2016	NA	0.0
2017	NA	0.0
2018	NA	0.0
2019	NA	0.0
2020	NA	0.0
2021	NA	0.0
2022	NA	0.0
