year	v2rel	total
2003	NA	0.0
2004	NA	0.0
2005	NA	0.0
2006	0.5652173913043478	23.0
2007	0.5	8.0
2008	NA	0.0
2009	NA	0.0
2010	0.6842105263157895	19.0
2011	0.7272727272727273	11.0
2012	NA	0.0
2013	NA	0.0
2014	NA	0.0
2015	NA	0.0
2016	NA	0.0
2017	NA	0.0
2018	NA	0.0
2019	NA	0.0
2020	NA	0.0
2021	NA	0.0
2022	NA	0.0
