year	v2rel	total
2003	NA	0.0
2004	NA	0.0
2005	NA	0.0
2006	NA	0.0
2007	NA	0.0
2008	0.8387096774193549	124.0
2009	0.8391608391608392	143.0
2010	0.8873239436619719	71.0
2011	0.8947368421052632	57.0
2012	0.8484848484848485	66.0
2013	0.9310344827586207	29.0
2014	NA	0.0
2015	NA	0.0
2016	NA	0.0
2017	NA	0.0
2018	NA	0.0
2019	NA	0.0
2020	NA	0.0
2021	NA	0.0
2022	NA	0.0
