year	v2rel	total
2003	NA	0.0
2004	NA	0.0
2005	NA	0.0
2006	NA	0.0
2007	0.0	6.0
2008	0.27722772277227725	101.0
2009	0.3235294117647059	34.0
2010	0.15	20.0
2011	0.20588235294117646	34.0
2012	0.20689655172413793	29.0
2013	0.0	7.0
2014	0.0	4.0
2015	0.4	5.0
2016	NA	0.0
2017	NA	0.0
2018	NA	0.0
2019	NA	0.0
2020	NA	0.0
2021	NA	0.0
2022	NA	0.0
