year	v2rel	total
2003	NA	0.0
2004	0.21052631578947367	19.0
2005	0.23076923076923078	13.0
2006	NA	0.0
2007	0.5	4.0
2008	NA	0.0
2009	NA	0.0
2010	NA	0.0
2011	0.5882352941176471	17.0
2012	NA	0.0
2013	NA	0.0
2014	NA	0.0
2015	NA	0.0
2016	NA	0.0
2017	NA	0.0
2018	NA	0.0
2019	NA	0.0
2020	NA	0.0
2021	NA	0.0
2022	NA	0.0
