year	v2rel	total
2003	NA	0.0
2004	0.75	24.0
2005	0.6363636363636364	11.0
2006	0.7945205479452054	73.0
2007	0.7441860465116279	43.0
2008	0.75	36.0
2009	0.6	10.0
2010	0.4	15.0
2011	NA	0.0
2012	NA	0.0
2013	NA	0.0
2014	NA	0.0
2015	NA	0.0
2016	NA	0.0
2017	NA	0.0
2018	NA	0.0
2019	NA	0.0
2020	NA	0.0
2021	NA	0.0
2022	NA	0.0
