year	v2rel	total
2003	NA	0.0
2004	NA	0.0
2005	NA	0.0
2006	NA	0.0
2007	NA	0.0
2008	NA	0.0
2009	0.8888888888888888	9.0
2010	0.7692307692307693	13.0
2011	0.7857142857142857	28.0
2012	NA	0.0
2013	0.9714285714285714	35.0
2014	0.9090909090909091	11.0
2015	NA	0.0
2016	NA	0.0
2017	NA	0.0
2018	NA	0.0
2019	NA	0.0
2020	NA	0.0
2021	NA	0.0
2022	NA	0.0
