year	v2rel	total
2003	NA	0.0
2004	NA	0.0
2005	NA	0.0
2006	NA	0.0
2007	NA	0.0
2008	NA	0.0
2009	NA	0.0
2010	NA	0.0
2011	NA	0.0
2012	NA	0.0
2013	NA	0.0
2014	NA	0.0
2015	NA	0.0
2016	NA	0.0
2017	0.11764705882352941	34.0
2018	0.09523809523809523	21.0
2019	0.0	6.0
2020	0.0	9.0
2021	0.0	5.0
2022	NA	0.0
