year	v2rel	total
2003	NA	0.0
2004	NA	0.0
2005	NA	0.0
2006	NA	0.0
2007	0.6	15.0
2008	0.13333333333333333	15.0
2009	0.0	16.0
2010	0.0	17.0
2011	0.5333333333333333	15.0
2012	0.25	12.0
2013	0.25	4.0
2014	0.3333333333333333	6.0
2015	NA	0.0
2016	NA	0.0
2017	NA	0.0
2018	NA	0.0
2019	NA	0.0
2020	NA	0.0
2021	NA	0.0
2022	NA	0.0
