year	v2rel	total
2003	NA	0.0
2004	NA	0.0
2005	NA	0.0
2006	NA	0.0
2007	NA	0.0
2008	NA	0.0
2009	NA	0.0
2010	NA	0.0
2011	NA	0.0
2012	NA	0.0
2013	NA	0.0
2014	NA	0.0
2015	NA	0.0
2016	NA	0.0
2017	0.058823529411764705	17.0
2018	0.08695652173913043	23.0
2019	0.07142857142857142	42.0
2020	0.041666666666666664	24.0
2021	0.0	4.0
2022	NA	0.0
