year	v2rel	total
2003	NA	0.0
2004	NA	0.0
2005	NA	0.0
2006	NA	0.0
2007	NA	0.0
2008	NA	0.0
2009	NA	0.0
2010	NA	0.0
2011	0.8	10.0
2012	NA	0.0
2013	0.8571428571428571	7.0
2014	0.8333333333333334	6.0
2015	NA	0.0
2016	NA	0.0
2017	0.625	8.0
2018	NA	0.0
2019	0.8333333333333334	6.0
2020	NA	0.0
2021	NA	0.0
2022	1.0	9.0
