year	v2rel	total
2003	NA	0.0
2004	NA	0.0
2005	NA	0.0
2006	NA	0.0
2007	0.7777777777777778	36.0
2008	0.71875	32.0
2009	0.673469387755102	49.0
2010	0.7254901960784313	51.0
2011	0.8301886792452831	53.0
2012	1.0	27.0
2013	0.6	5.0
2014	1.0	4.0
2015	NA	0.0
2016	1.0	5.0
2017	NA	0.0
2018	NA	0.0
2019	NA	0.0
2020	NA	0.0
2021	NA	0.0
2022	NA	0.0
