period	total	v1abs	v2abs	v1rel	v2rel	v1ipm	v2ipm
2017	12722	8527	4195	0.6702562490	0.3297437510	402.80170861238423	198.16502493596246
