period	total	v1abs	v2abs	v1rel	v2rel	v1ipm	v2ipm
2007	8099	7313	786	0.9029509816	0.0970490184	296.90899185207513	31.911728100058937
