period	total	v1abs	v2abs	v1rel	v2rel	v1ipm	v2ipm
2003	4434	4254	180	0.9594046008	0.0405953992	223.14235952745224	9.441848781133382
