period	total	v1abs	v2abs	v1rel	v2rel	v1ipm	v2ipm
2009	10483	9481	1002	0.9044166746	0.0955833254	366.2204385923338	38.704026945419095
