period	total	v1abs	v2abs	v1rel	v2rel	v1ipm	v2ipm
2006	1456	1326	130	0.9107142857	0.0892857143	317.82471751111126	31.159286030501107
