period	total	v1abs	v2abs	v1rel	v2rel	v1ipm	v2ipm
1965	161	161	0	1.0000000000	0.0000000000	145.22297589839803	0.0
1966	8	8	0	1.0000000000	0.0000000000	740.1239707651032	0.0
