period	total	v1abs	v2abs	v1rel	v2rel	v1ipm	v2ipm
1864	7	7	0	1.0000000000	0.0000000000	9.162075812250741	0.0
1865	18	18	0	1.0000000000	0.0000000000	10.258467795250102	0.0
1866	15	15	0	1.0000000000	0.0000000000	8.569112462745784	0.0
1867	28	28	0	1.0000000000	0.0000000000	15.541585397126362	0.0
1868	24	24	0	1.0000000000	0.0000000000	13.230736323553247	0.0
1869	20	20	0	1.0000000000	0.0000000000	9.26451343933481	0.0
