period	total	v1abs	v2abs	v1rel	v2rel	v1ipm	v2ipm
1770	0	0	0	NaN	NaN	0.0	0.0
1771	2	0	2	0.0000000000	1.0000000000	0.0	5.202697078165321
1772	0	0	0	NaN	NaN	0.0	0.0
1773	0	0	0	NaN	NaN	0.0	0.0
1774	0	0	0	NaN	NaN	0.0	0.0
1775	0	0	0	NaN	NaN	0.0	0.0
1776	0	0	0	NaN	NaN	0.0	0.0
1777	0	0	0	NaN	NaN	0.0	0.0
1778	0	0	0	NaN	NaN	0.0	0.0
1779	2	0	2	0.0000000000	1.0000000000	0.0	5.223295899712719
