period	total	v1abs	v2abs	v1rel	v2rel	v1ipm	v2ipm
1976	169	4	165	0.0236686391	0.9763313609	2.9670905155468126	122.39248376630601
