period	total	v1abs	v2abs	v1rel	v2rel	v1ipm	v2ipm
2005	9305	8729	576	0.9380977969	0.0619022031	295.8617285517279	19.523010155320797
