period	total	v1abs	v2abs	v1rel	v2rel	v1ipm	v2ipm
1890	2	2	0	1.0000000000	0.0000000000	3.082153253906244	0.0
