period	total	v1abs	v2abs	v1rel	v2rel	v1ipm	v2ipm
1987	2086	2068	18	0.9913710451	0.0086289549	403.72985474900906	3.5140896448172936
