period	total	v1abs	v2abs	v1rel	v2rel	v1ipm	v2ipm
2022	9085	5114	3971	0.5629058888	0.4370941112	365.3791730584802	283.71542749613315
