period	total	v1abs	v2abs	v1rel	v2rel	v1ipm	v2ipm
1890	251	251	0	1.0000000000	0.0000000000	14.344433391166355	0.0
1891	302	301	1	0.9966887417	0.0033112583	17.1404872488157	0.05694514036151394
1892	264	263	1	0.9962121212	0.0037878788	14.939833088549186	0.056805449005890435
1893	250	249	1	0.9960000000	0.0040000000	14.199009901328855	0.05702413614991508
1894	208	207	1	0.9951923077	0.0048076923	12.12203409840351	0.058560551200016964
1895	327	326	1	0.9969418960	0.0030581040	19.228023180502596	0.05898166619786072
