period	total	v1abs	v2abs	v1rel	v2rel	v1ipm	v2ipm
2003	3502	3306	196	0.9440319817	0.0559680183	270.600152832609	16.042840276827395
