period	total	v1abs	v2abs	v1rel	v2rel	v1ipm	v2ipm
2002	4634	4405	229	0.9505826500	0.0494173500	209.12177305639946	10.871483775236204
