period	total	v1abs	v2abs	v1rel	v2rel	v1ipm	v2ipm
2009	4097	3542	555	0.8645350256	0.1354649744	399.729826875906	62.634120247354
