period	total	v1abs	v2abs	v1rel	v2rel	v1ipm	v2ipm
2013	8660	7213	1447	0.8329099307	0.1670900693	318.4738967526436	63.88905151824141
