period	total	v1abs	v2abs	v1rel	v2rel	v1ipm	v2ipm
1880	6	6	0	1.0000000000	0.0000000000	11.837401453632898	0.0
