analysis	baseline0	label1	bundle2	bundle_re3	bundle_newconstr4
aggregate	0.29575716171564026	0.029042905460133144	0.03594348491122007	0.029042905460133144	0.06678069430175496
