analysis	baseline0	label1	bundle2	bundle_re3	bundle_newconstr4
aggregate	0.3146300104857365	0.04237230487368583	0.047661148405373714	0.0419859980135291	0.0642257470636405
