behaga	0.0	0.0	NaN	NaN
fortsätta	0.22368421052631576	0.18333333333333335	0.5495689655172413	0.4504310344827587
försöka	0.0	0.0	NaN	NaN
glömma	0.0	0.0	NaN	NaN
komma	0.28900862068965516	0.31724137931034485	0.4767152506221116	0.5232847493778885
lova	0.0	0.0	NaN	NaN
planera	0.0	0.0	NaN	NaN
riskera	0.0	0.0	NaN	NaN
slippa	0.0	0.0	NaN	NaN
sluta	0.0	0.0	NaN	NaN
vägra	0.33333333333333337	0.0	1.0	0.0
null device 
          1 
