period	total	v1abs	v2abs	v1rel	v2rel	v1ipm	v2ipm
1841	1	1	0	1.0000000000	0.0000000000	13.957708144322702	0.0
1842	4	4	0	1.0000000000	0.0000000000	5.902386334795158	0.0
1843	10	8	2	0.8000000000	0.2000000000	9.051883131136895	2.262970782784224
1844	3	3	0	1.0000000000	0.0000000000	5.532554472609244	0.0
1845	7	7	0	1.0000000000	0.0000000000	8.037939072421832	0.0
1846	5	4	1	0.8000000000	0.2000000000	4.313091634866601	1.0782729087166503
1847	6	5	1	0.8333333333	0.1666666667	5.173589446705303	1.0347178893410607
1848	7	6	1	0.8571428571	0.1428571429	6.126718927579119	1.0211198212631865
1849	1	1	0	1.0000000000	0.0000000000	0.9696255112350509	0.0
