verb2	abs	ipm
_total_	1	0.0012326357644568248
vara	1	0.0012326357644568248
