period	total	v1abs	v2abs	v1rel	v2rel	v1ipm	v2ipm
1842	0	0	0	NaN	NaN	0.0	0.0
1843	4	4	0	1.0000000000	0.0000000000	14.141821254450255	0.0
1844	1	1	0	1.0000000000	0.0000000000	3.4451277281105197	0.0
1845	5	5	0	1.0000000000	0.0000000000	14.542704652211219	0.0
1846	1	1	0	1.0000000000	0.0000000000	2.687456832724624	0.0
1847	1	1	0	1.0000000000	0.0000000000	2.6397761469827357	0.0
1848	2	2	0	1.0000000000	0.0000000000	4.392872125688857	0.0
1849	3	3	0	1.0000000000	0.0000000000	6.8042331402443175	0.0
