period	total	v1abs	v2abs	v1rel	v2rel	v1ipm	v2ipm
2007	5351	5043	308	0.9424406653	0.0575593347	271.0599265499086	16.55491917060715
