period	total	v1abs	v2abs	v1rel	v2rel	v1ipm	v2ipm
1869	5	5	0	1.0000000000	0.0000000000	10.966066603502124	0.0
