period	total	v1abs	v2abs	v1rel	v2rel	v1ipm	v2ipm
1976	13	12	1	0.9230769231	0.0769230769	8.901271546640437	0.7417726288867031
