verb2	abs	ipm
_total_	23	0.028350622582506976
vara	10	0.01232635764456825
acceptera	2	0.0024652715289136496
utföra	1	0.0012326357644568248
tro	1	0.0012326357644568248
göra	1	0.0012326357644568248
åtsidosätta	1	0.0012326357644568248
rå	1	0.0012326357644568248
stå	1	0.0012326357644568248
älska	1	0.0012326357644568248
höra	1	0.0012326357644568248
ha	1	0.0012326357644568248
bo	1	0.0012326357644568248
se	1	0.0012326357644568248
