period	total	v1abs	v2abs	v1rel	v2rel	v1ipm	v2ipm
1890	57	57	0	1.0000000000	0.0000000000	27.047918947351935	0.0
1891	57	57	0	1.0000000000	0.0000000000	27.747217976302903	0.0
1892	72	70	2	0.9722222222	0.0277777778	26.195153896529142	0.7484329684722612
1893	43	42	1	0.9767441860	0.0232558140	20.434833801550518	0.4865436619416789
1894	35	35	0	1.0000000000	0.0000000000	17.24814262144171	0.0
1895	59	59	0	1.0000000000	0.0000000000	21.668639492233996	0.0
1896	46	46	0	1.0000000000	0.0000000000	23.558694438611678	0.0
1897	36	36	0	1.0000000000	0.0000000000	20.386297689779443	0.0
1898	29	29	0	1.0000000000	0.0000000000	16.77884384508614	0.0
