period	total	v1abs	v2abs	v1rel	v2rel	v1ipm	v2ipm
1997	2699	2620	79	0.9707299000	0.0292701000	191.19511468751384	5.765043534470837
