period	total	v1abs	v2abs	v1rel	v2rel	v1ipm	v2ipm
1780	0	0	0	NaN	NaN	0.0	0.0
1781	0	0	0	NaN	NaN	0.0	0.0
1782	0	0	0	NaN	NaN	0.0	0.0
1783	1	0	1	0.0000000000	1.0000000000	0.0	2.449113543352983
1784	0	0	0	NaN	NaN	0.0	0.0
1785	0	0	0	NaN	NaN	0.0	0.0
1786	0	0	0	NaN	NaN	0.0	0.0
1787	0	0	0	NaN	NaN	0.0	0.0
1788	0	0	0	NaN	NaN	0.0	0.0
1789	0	0	0	NaN	NaN	0.0	0.0
