period	total	v1abs	v2abs	v1rel	v2rel	v1ipm	v2ipm
1890	43	43	0	1.0000000000	0.0000000000	11.330166859103842	0.0
1891	48	46	2	0.9583333333	0.0416666667	11.822445375162173	0.5140193641374857
1892	68	67	1	0.9852941176	0.0147058824	16.13677433588142	0.24084737814748386
1893	44	44	0	1.0000000000	0.0000000000	11.349221211281746	0.0
1894	35	34	1	0.9714285714	0.0285714286	8.733213928037804	0.25685923317758247
1895	55	55	0	1.0000000000	0.0000000000	14.347082533809553	0.0
