period	total	v1abs	v2abs	v1rel	v2rel	v1ipm	v2ipm
2014	8436	6435	2001	0.7628022760	0.2371977240	400.298715529444	124.47517168211617
