period	total	v1abs	v2abs	v1rel	v2rel	v1ipm	v2ipm
2004	4096	3891	205	0.9499511719	0.0500488281	281.8273916958194	14.848269158993311
