period	total	v1abs	v2abs	v1rel	v2rel	v1ipm	v2ipm
1851	2	2	0	1.0000000000	0.0000000000	11.015763557650999	0.0
1852	10	9	1	0.9000000000	0.1000000000	11.543093574729346	1.2825659527477051
1853	4	4	0	1.0000000000	0.0000000000	5.043907212282923	0.0
1854	10	9	1	0.9000000000	0.1000000000	11.126248303247134	1.2362498114719038
1855	10	10	0	1.0000000000	0.0000000000	9.603758526937103	0.0
1856	3	3	0	1.0000000000	0.0000000000	2.850467334119429	0.0
1857	3	3	0	1.0000000000	0.0000000000	3.1439224834472483	0.0
1858	7	7	0	1.0000000000	0.0000000000	7.347800803219597	0.0
1859	6	6	0	1.0000000000	0.0000000000	6.023769795613491	0.0
