period	total	v1abs	v2abs	v1rel	v2rel	v1ipm	v2ipm
1987	15630	15225	400	0.9740882917	0.0255918106	2972.334157907961	78.09088099593986
