period	total	v1abs	v2abs	v1rel	v2rel	v1ipm	v2ipm
1851	8	8	0	1.0000000000	0.0000000000	15.837569883277109	0.0
1852	6	5	1	0.8333333333	0.1666666667	8.705599267336765	1.741119853467353
1853	7	6	1	0.8571428571	0.1428571429	8.300821781356355	1.3834702968927257
1854	8	7	1	0.8750000000	0.1250000000	8.966530503496307	1.2809329290709008
1855	3	2	1	0.6666666667	0.3333333333	2.4176955976180863	1.2088477988090431
1856	20	18	2	0.9000000000	0.1000000000	16.224547740731726	1.8027275267479697
1857	10	10	0	1.0000000000	0.0000000000	9.724599346506924	0.0
1858	1	1	0	1.0000000000	0.0000000000	0.9680776398267141	0.0
1859	14	14	0	1.0000000000	0.0000000000	14.045916099730018	0.0
