period	total	v1abs	v2abs	v1rel	v2rel	v1ipm	v2ipm
2001	3801	3630	171	0.9550118390	0.0449881610	208.48491086150102	9.821190015789718
