period	total	v1abs	v2abs	v1rel	v2rel	v1ipm	v2ipm
2011	5474	4741	733	0.8660942638	0.1339057362	237.7824770313713	36.76324734528478
