period	total	v1abs	v2abs	v1rel	v2rel	v1ipm	v2ipm
2018	11464	7374	4090	0.6432309839	0.3567690161	392.2931786632091	217.585991420196
