period	total	v1abs	v2abs	v1rel	v2rel	v1ipm	v2ipm
1780	0	0	0	NaN	NaN	0.0	0.0
1781	0	0	0	NaN	NaN	0.0	0.0
1782	0	0	0	NaN	NaN	0.0	0.0
1783	0	0	0	NaN	NaN	0.0	0.0
1784	2	0	2	0.0000000000	1.0000000000	0.0	1.1999328037629893
1785	0	0	0	NaN	NaN	0.0	0.0
1786	0	0	0	NaN	NaN	0.0	0.0
1787	0	0	0	NaN	NaN	0.0	0.0
1788	1	0	1	0.0000000000	1.0000000000	0.0	0.5418409588417608
1789	0	0	0	NaN	NaN	0.0	0.0
