period	total	v1abs	v2abs	v1rel	v2rel	v1ipm	v2ipm
2021	9684	5698	3986	0.5883932259	0.4116067741	380.88943096669846	266.4488016555388
